0,0.9126808289943287
1,0.9155463915928869
2,0.9241499940378632
3,0.9385121865902657
4,0.9586665737909645
5,0.9846588447024596
6,1.0165454134240222
7,1.054391668029727
8,1.0982698252786174
9,1.148256387116665
10,1.2044291925914399
11,1.2668640546691985
12,1.3356309646470816
13,1.4107898363461766
14,1.4923857468470918
15,1.5804436090437097
16,1.6749621828056491
17,1.7759072957403268
18,1.8832041022846515
19,1.9967281640766121
20,2.1162950917128986
21,2.241648460105521
22,2.3724457173076856
23,2.508241882791116
24,2.648471025166713
25,2.7924258897069594
26,2.939236697347191
27,3.087851142988709
28,3.237019022686531
29,3.3852866321740938
30,3.5310077700177276
31,3.6723791362790337
32,3.8075070285929944
33,3.9345082591978566
34,4.051640515543942
35,4.1574470156729975
36,4.250890697625784
37,4.331449331098996
38,4.399148685272015
39,4.454525709360249
40,4.498531920266341
41,4.532401084136509
42,4.55750972210791
43,4.575254118472851
44,4.586957539627445
45,4.593811203702518
46,4.596845305802487
47,4.596922883903259
48,4.594748738277569
49,4.590886735668413
50,4.585780568638873
51,4.57977474185732
52,4.573133925823694
53,4.566059791499215
54,4.558705065527413
55,4.551184910336042
56,4.543585918924762
57,4.535973086364275
58,4.528395125881545
59,4.52088846806403
60,4.513480236605031
61,4.5061904446433925
62,4.4990336083948534
63,4.492019932567697
64,4.485156186162636
65,4.478446357819331
66,4.471892156386503
67,4.4654934041482655
68,4.459248356267429
69,4.453153969711622
70,4.44720613741851
71,4.441399898099128
72,4.435729628284942
73,4.430189220579214
74,4.424772250201838
75,4.419472130599217
76,4.414282257928719
77,4.409196143546364
78,4.404207533143948
79,4.399310510904816
80,4.3944995869455346
81,4.38976976641442
82,4.3851165988972935
83,4.380536207248961
84,4.376025295570971
85,4.37158113677679
86,4.367201540944034
87,4.362884806417785
88,4.358629656313355
89,4.354435163647528
90,4.350300668735392
91,4.346225692728619
92,4.342209851203369
93,4.338252771568621
94,4.334354017749156
95,4.330513025161436
96,4.326729048450371
97,4.323001123856128
98,4.319328047434304
99,4.315708369716438
100,4.3121404067592275
101,4.308622266933128
102,4.305151892218945
103,4.301727112248634
104,4.298345708816839
105,4.295005488138461
106,4.291704357716076
107,4.288440404354882
108,4.285211969618078
109,4.282017718905937
110,4.278856700370057
111,4.275728390090816
112,4.272632720345927
113,4.269570088409776
114,4.2665413441160265
115,4.263547755383442
116,4.26059095198488
117,4.257672848988956
118,4.25479555243576
119,4.251961250860742
120,4.249172097165391
121,4.246430085994243
122,4.24373693214951
123,4.241093955634807
124,4.238501978647866
125,4.235961239261065
126,4.233471325666676
127,4.231031133788229
128,4.228638849838451
129,4.2262919581306475
130,4.223987273208373
131,4.221720994242711
132,4.2194887787301125
133,4.21728583187322
134,4.215107007674497
135,4.21294691773639
136,4.210800044014157
137,4.208660852265524
138,4.206523903597515
139,4.204383962233879
140,4.202236098294334
141,4.200075784886791
142,4.197898989060198
143,4.19570225609538
144,4.193482786194005
145,4.191238501910476
146,4.188968103744211
147,4.1866711103386365
148,4.184347878903136
149,4.181999601021482
150,4.1796282691354385
151,4.177236609886989
152,4.174827982248072
153,4.172406240976918
154,4.169975569264152
155,4.167540288226646
156,4.165104654763683
157,4.162672662752044
158,4.160247865072725
159,4.157833235041494
160,4.155431084996462
161,4.153043056820401
162,4.150670193943336
163,4.148313097095744
164,4.145972157206497
165,4.143647849137207
166,4.141341060366097
167,4.13905342043801
168,4.136787591120212
169,4.134547474839611
170,4.132338300911501
171,4.13016655575732
172,4.128039734663302
173,4.12596590808434
174,4.12395311390898
175,4.122008606944925
176,4.120138016289126
177,4.11834447826136
178,4.116627825275087
179,4.114983917736594
180,4.113404205500002
181,4.111875596795295
182,4.110380695698435
183,4.108898444632034
184,4.107405177284999
185,4.105876051701656
186,4.104286795802528
187,4.102615661562928
188,4.100845453157701
189,4.098965472260954
190,4.096973213584409
191,4.094875647884374
192,4.092689948873187
193,4.09044355381806
194,4.088173492461895
195,4.085924971177222
196,4.083749254060276
197,4.081700934961558
198,4.0798347398801695
199,4.078202034568296
200,4.076847235988463
201,4.075804338244041
202,4.07509376469224
203,4.074719749571442
204,4.07466843602248
205,4.0749068536327435
206,4.0753829075521715
207,4.076026471938041
208,4.076751631703226
209,4.077460057203568
210,4.078045426726181
211,4.078398733598113
212,4.078414233406017
213,4.077995710114707
214,4.077062678089935
215,4.075556101298066
216,4.073443211021039
217,4.070721045087469
218,4.067418414609929
219,4.06359612122467
220,4.0593453851708245
221,4.054784584557615
222,4.050054530641357
223,4.045312597831398
224,4.040726081323628
225,4.036465167817581
226,4.032695880457176
227,4.02957330762818
228,4.027235358513303
229,4.025797218285672
230,4.025346612408137
231,4.025939939670502
232,4.027599300953142
233,4.030310435955707
234,4.0340215814337235
235,4.0386432782037085
236,4.044049175148931
237,4.050077900498944
238,4.056536086642901
239,4.063202637118095
240,4.0698343056549
241,4.07617261093352
242,4.08195203326308
243,4.086909331552102
244,4.090793687736909
245,4.093377245700418
246,4.094465483831311
247,4.0939067701110465
248,4.091600420475286
249,4.0875026326063235
250,4.081629802562878
251,4.0740589385924455
252,4.064925137256558
253,4.0544163436786915
254,4.042765840812239
255,4.030243070377082
256,4.01714346311986
257,4.003777947712201
258,3.990462729782209
259,3.977509808358744
260,3.9652185521193952
261,3.9538685152878914
262,3.9437135495717244
263,3.934977173698337
264,3.9278490987263006
265,3.9224827733858794
266,3.9189938041959103
267,3.9174591138168298
268,3.9179167217008497
269,3.9203660580310915
270,3.9247687504868787
271,3.9310498498889013
272,3.939099482358552
273,3.948774930197715
274,3.959903149737558
275,3.9722837312115944
276,3.9856922933090937
277,3.9998842846521723
278,4.014599138331245
279,4.029564697548059
280,4.044501805064773
281,4.059128931943031
282,4.073166716975677
283,4.086342300913858
284,4.098393369967372
285,4.109071868496469
286,4.118147394684088
287,4.125410345348401
288,4.130674915066654
289,4.133782069162776
290,4.134602591787447
291,4.1330402570962415
292,4.129035088601946
293,4.122566571983735
294,4.11365658864221
295,4.102371762224116
296,4.088824877074172
297,4.073175048096356
298,4.055626397381575
299,4.036425114305277
300,4.01585492310108
301,3.9942311304820155
302,3.97189355149891
303,3.9491986961110994
304,3.926511632730641
305,3.9041979291193023
306,3.8826160145778963
307,3.862110224476675
308,3.8430046942669462
309,3.8255981788820383
310,3.810159794984784
311,3.7969256237355618
312,3.7860960727219846
313,3.777833876604865
314,3.772262614365325
315,3.7694656334877417
316,3.769485294681438
317,3.7723224818879246
318,3.777936358916256
319,3.7862443940318875
320,3.797122715253436
321,3.810406899742913
322,3.8258933375992803
323,3.8433413396063645
324,3.8624761748573766
325,3.8829932213610188
326,3.9045633839287004
327,3.926839872744759
328,3.949466339518624
329,3.9720862373486594
330,3.9943531138341597
331,4.015941381385956
332,4.036556958766734
333,4.055947072868796
334,4.0739084775143155
335,4.090293405704497
336,4.105012726594443
337,4.118036012523072
338,4.129388500936846
339,4.139145216587435
340,4.147422756394048
341,4.154369398768951
342,4.160154264628525
343,4.1649562318966264
344,4.168953208220983
345,4.172312226281721
346,4.175180672562116
347,4.1776788195514705
348,4.17989372104495
349,4.181874459912122
350,4.18362870919238
351,4.185120576609733
352,4.186269741429288
353,4.186951950014454
354,4.1870009991884345
355,4.186212389228129
356,4.184348853919194
357,4.18114795582864
358,4.176331854749976
359,4.1696192059004185
360,4.160738922774288
361,4.149445265031468
362,4.135533421496981
363,4.118854507007886
364,4.099328742678517
365,4.076955597970878
366,4.051819869369971
367,4.02409304325015
368,3.994029784185481
369,3.9619599161709704
370,3.928276725296072
371,3.8934227283502723
372,3.8578741806861316
373,3.822125541132792
374,3.786674911617963
375,3.7520111844030644
376,3.718603322231665
377,3.6868919157756657
378,3.6572829392176294
379,3.630143470426496
380,3.605799054247137
381,3.584532354452845
382,3.5665827470534626
383,3.5521465404126746
384,3.541377554072971
385,3.5343878396539536
386,3.531248378268716
387,3.5319896368146693
388,3.536601909484231
389,3.545035411444378
390,3.5572001301966703
391,3.5729654782615077
392,3.5921598300774855
393,3.614570067386515
394,3.639941301017547
395,3.6679769815770165
396,3.698339653904018
397,3.7306526446422406
398,3.7645029907280914
399,3.7994459084385577
400,3.8350110561334065
401,3.8707107482337597
402,3.906050127106148
403,3.9405390959660376
404,3.973705575146593
405,4.005109396459878
406,4.034355939230457
407,4.0611084859119915
408,4.085098277586452
409,4.106131402273638
410,4.124091942761194
411,4.138941202703398
412,4.1507132515721175
413,4.1595074040202356
414,4.165478512837364
415,4.168826070722661
416,4.1697830829162
417,4.168605518872197
418,4.165562923310359
419,4.160930515795473
420,4.154982876280787
421,4.147989130296033
422,4.140209424425526
423,4.131892420049165
424,4.12327352173405
425,4.114573582560329
426,4.105997877584604
427,4.097735195820627
428,4.089956960571564
429,4.082816340996948
430,4.076447360649014
431,4.070964040069777
432,4.066459630723237
433,4.063006007980821
434,4.060653293351717
435,4.059429772496053
436,4.059342167208714
437,4.060376307593071
438,4.062498235585142
439,4.065655753125259
440,4.069780407632496
441,4.074789884211489
442,4.080590748603197
443,4.087081458250645
444,4.09415553243991
445,4.1017047484022235
446,4.109622210934219
447,4.117805131095219
448,4.126157147053905
449,4.1345900286925525
450,4.143024627468508
451,4.1513909634002575
452,4.159627379746774
453,4.1676787400637725
454,4.175493688629927
455,4.183021041030813
456,4.1902054153441
457,4.196982255898821
458,4.203272442682457
459,4.208976723288516
460,4.2139702545744235
461,4.2180976010483
462,4.221168607095219
463,4.222955636643708
464,4.223192746095218
465,4.221577405028328
466,4.217775375990456
467,4.211429274548922
468,4.202171118541164
469,4.189638817768177
470,4.173496056440027
471,4.153454427904486
472,4.129296092372088
473,4.100894781712158
474,4.06823281713718
475,4.031412040385662
476,3.9906572010046437
477,3.9463112912732234
478,3.898823380351999
479,3.848730438185984
480,3.79663526444631
481,3.743182852461594
482,3.6890373411441
483,3.6348612469513357
484,3.5812980703433137
485,3.528958774921959
486,3.478412139420786
487,3.430178629434778
488,3.3847272310751504
489,3.342474609130111
490,3.303785962848616
491,3.268977017955277
492,3.238316685111303
493,3.212030012192736
494,3.190301147947184
495,3.1732761114215893
496,3.161065223094934
497,3.1537451005025416
498,3.1513601554545625
499,3.1539235543613238
500,3.1614176206020552
501,3.1737936710498413
502,3.190971290573611
503,3.2128370611675385
504,3.2392427790574265
505,3.2700032163891546
506,3.3048935167839346
507,3.3436463587428693
508,3.385949079789707
509,3.4314410281281713
510,3.479711495949069
511,3.5302986837042716
512,3.5826902363310884
513,3.6363259615880326
514,3.6906033603705954
515,3.744886535555916
516,3.798518865243403
517,3.8508395032750133
518,3.9012033039754517
519,3.9490031978250295
520,3.9936934573533427
521,4.034811816910536
522,4.071998189796853
523,4.105007874073369
524,4.133717686999371
525,4.158124341209171
526,4.178335398177293
527,4.194554082631069
528,4.20705991556405
529,4.216187408915707
530,4.222304957984502
531,4.225795658225685
532,4.227041200443475
533,4.226409401859553
534,4.2242454146990065
535,4.2208662751389925
536,4.216558226143402
537,4.211576150321923
538,4.2061444512872015
539,4.2004587893202485
540,4.194688179359788
541,4.1889770739143035
542,4.183447165599747
543,4.1781987452299045
544,4.173311537950032
545,4.168845011178269
546,4.164838205260453
547,4.161309182900977
548,4.158254228984086
549,4.155646960579427
550,4.153437529320043
551,4.151552115649697
552,4.149892926077387
553,4.148338908582811
554,4.146747394220758
555,4.144956850164904
556,4.142790885748362
557,4.1400635840353255
558,4.136586134899442
559,4.132174623542812
560,4.1266586888154375
561,4.119890623348609
562,4.111754363147449
563,4.102173731800783
564,4.091119285953365
565,4.078613168489145
566,4.064731515263376
567,4.049604165833619
568,4.033411670003328
569,4.016379823289193
570,3.9987721688585585
571,3.980881042677457
572,3.963017798340284
573,3.9455028298124635
574,3.9286559287363745
575,3.9127873904938317
576,3.898190144205124
577,3.885133047505304
578,3.8738553725140337
579,3.8645624233393754
580,3.857422170172362
581,3.8525627586343405
582,3.850070751127606
583,3.849989974134151
584,3.8523208764209156
585,3.857020343262116
586,3.864001957103396
587,3.873136742057682
588,3.8842544747919825
589,3.897145683890152
590,3.91156448902814
591,3.927232444696845
592,3.943843544440182
593,3.961070504352521
594,3.978572373998983
595,3.9960034174305736
596,4.013023070546144
597,4.0293066251063525
598,4.044556133647518
599,4.058510899348665
600,4.07095683894382
601,4.08173400947959
602,4.090741684361298
603,4.097940547207795
604,4.103351821480562
605,4.107053432614465
606,4.109173563547987
607,4.109882173850404
608,4.1093811795749815
609,4.107894026012895
610,4.105655336902246
611,4.102901212720347
612,4.0998606049035775
613,4.096748038956674
614,4.093757818522279
615,4.091059727771206
616,4.088796166235971
617,4.087080597486352
618,4.085997165802341
619,4.0856013263269695
620,4.085921336949426
621,4.08696046818537
622,4.0886997958982905
623,4.091101447900704
624,4.094112178020784
625,4.097667140346543
626,4.101693733458196
627,4.106115381724359
628,4.1108551207098
629,4.115838858852539
630,4.120998199658552
631,4.126272728616258
632,4.131611696513815
633,4.136975064268014
634,4.142333911076132
635,4.147670244338142
636,4.152976282837281
637,4.15825331097126
638,4.1635102190687405
639,4.168761851824673
640,4.174027283646556
641,4.179328127323744
642,4.184686962787766
643,4.190125948165803
644,4.195665648239238
645,4.20132408801883
646,4.207116013200096
647,4.213052316053364
648,4.219139565562685
649,4.2253795646798835
650,4.231768845350304
651,4.23829800330804
652,4.24495076927722
653,4.251702711117695
654,4.258519462890903
655,4.2653543827066365
656,4.2721455532172365
657,4.27881205955316
658,4.285249513376112
659,4.291324844085264
660,4.296870455828835
661,4.301677959436975
662,4.305491838566899
663,4.308003602816872
664,4.308847213042422
665,4.307596817238971
666,4.303768068999249
667,4.296824446477574
668,4.286189951021654
669,4.271269228105548
670,4.251475422344781
671,4.226264927374935
672,4.195176727936204
673,4.1578725366396565
674,4.1141728289668595
675,4.064083629389417
676,4.00780978350931
677,3.9457524062966867
678,3.878490775893039
679,3.806751450887567
680,3.731369159912234
681,3.6532446669354917
682,3.5733043699017997
683,3.492465177109796
684,3.411606686076898
685,3.3315512689352187
686,3.253051593480544
687,3.17678445719757
688,3.103349538466215
689,3.0332716713222156
690,2.9670054159156107
691,2.904940934331043
692,2.847410428308794
693,2.7946946162656467
694,2.7470289068146445
695,2.7046090622927847
696,2.667596243090162
697,2.6361213888891606
698,2.610288933797251
699,2.5901798753563923
700,2.5758542279599217
701,2.567352893316808
702,2.56469897728199
703,2.567898575622316
704,2.5769410425758092
705,2.591798746305117
706,2.6124263053260584
707,2.6387592903020143
708,2.6707123670259696
709,2.7081768499057945
710,2.751017632327691
711,2.7990694629539346
712,2.8521325483873947
713,2.909967486803534
714,2.9722895796219144
715,3.03876263570639
716,3.1089924824898896
717,3.182520537781995
718,3.2588179789828544
719,3.337281269915666
720,3.417230053319278
721,3.4979086522017617
722,3.5784925813273127
723,3.658101457411767
724,3.7358194008419967
725,3.8107233416626736
726,3.8819185399516005
727,3.9485791932548673
728,4.009990490308354
729,4.0655872943660665
730,4.114984260026967
731,4.157992921235485
732,4.194623125144891
733,4.225068722801924
734,4.249679985292927
735,4.268927106595554
736,4.283359956830058
737,4.293568929121285
738,4.300150582127582
739,4.3036802748338605
740,4.304692540775171
741,4.303668824688288
742,4.30103150268865
743,4.297142794844448
744,4.292307157337461
745,4.286775897508032
746,4.280752993746748
747,4.274401357118556
748,4.267849004255571
749,4.261194804055389
750,4.254513610273748
751,4.247860701797938
752,4.241275528891181
753,4.234784814211462
754,4.22840508833509
755,4.2221447560108984
756,4.216005795252776
757,4.2099851893648825
758,4.204076183912639
759,4.198269447786109
760,4.19255420077836
761,4.186919350387857
762,4.181354658741153
763,4.175851937733769
764,4.170406247993253
765,4.1650170566203
766,4.159689291455804
767,4.154434217450258
768,4.149270054875337
769,4.144222260518689
770,4.139323401872654
771,4.134612570239039
772,4.13013430045148
773,4.125936990880462
774,4.122070845471117
775,4.118585387726993
776,4.115526622970864
777,4.11293394861668
778,4.110836931894885
779,4.10925209046657
780,4.108179824035952
781,4.107601655028793
782,4.107477944013999
783,4.107746250614929
784,4.108320512019869
785,4.109091206554962
786,4.109926655621907
787,4.110675589277049
788,4.111171054295137
789,4.111235675169399
790,4.110688187036895
791,4.109351047965663
792,4.107058814718344
793,4.103666845101688
794,4.099059790032808
795,4.093159279980345
796,4.0859302112544045
797,4.077385107841124
798,4.06758617247028
799,4.056644831491522
800,4.044718795773208
801,4.032006872145265
802,4.018741935996251
803,4.005182592613274
804,3.991604102188646
805,3.978289123794003
806,3.9655187604829862
807,3.953564280678757
808,3.9426797710261474
809,3.933095861021632
810,3.925014562903273
811,3.918605198581428
812,3.914001340762431
813,3.911298675950539
814,3.910553698450375
815,3.9117831614264067
816,3.914964237844994
817,3.920035375213027
818,3.92689785826149
819,3.9354181182045087
820,3.945430841341319
821,3.956742929321964
822,3.96913834486515
823,3.982383837879727
824,3.996235487743841
825,4.010445920890502
826,4.024771975526002
827,4.038982497757003
828,4.052865879143886
829,4.066236899334821
830,4.078942431831409
831,4.0908656139541
832,4.101928173890782
833,4.112090739583048
834,4.12135110942157
835,4.129740621684154
836,4.137318896365687
837,4.144167321758956
838,4.150381708752805
839,4.156064537277304
840,4.161317178817387
841,4.1662324093836
842,4.170887444274392
843,4.175337644522428
844,4.1796109776726
845,4.183703271467759
846,4.187574283186168
847,4.191144621232808
848,4.194293597213863
849,4.196858150938059
850,4.19863306872477
851,4.199372793914706
852,4.198795189481626
853,4.196587633298427
854,4.192415781066679
855,4.185935195782055
856,4.176805800326459
857,4.1647087645050265
858,4.149365020876058
859,4.130554179214993
860,4.108132268880887
861,4.082046581716537
862,4.05234599390432
863,4.01918553868136
864,3.982824635404589
865,3.943619138279042
866,3.9020080966594923
867,3.8584966733023567
868,3.813636953480648
869,3.768008375733259
870,3.7221992715547243
871,3.67679060642581
872,3.6323425681119508
873,3.5893842332970363
874,3.548406212987263
875,3.5098559514633916
876,3.4741352288902743
877,3.4415993753324923
878,3.4125577198036194
879,3.3872748490002844
880,3.3659723179217864
881,3.3488305254753894
882,3.335990534379408
883,3.327555672170132
884,3.323592797779523
885,3.324133156665133
886,3.3291727786524365
887,3.338672398828989
888,3.3525569056505136
889,3.370714344559854
890,3.3929945325724495
891,3.4192073719407485
892,3.449120991354278
893,3.4824598925826744
894,3.518903339208346
895,3.558084290169856
896,3.599589249209689
897,3.64295946267783
898,3.6876939381507743
899,3.7332547555752695
900,3.7790750784145204
901,3.824570122614161
902,3.8691510920661134
903,3.9122417436622334
904,3.9532968322166546
905,3.991821265455598
906,4.027388457934428
907,4.059656204934992
908,4.088378478896183
909,4.113411908422844
910,4.13471629176885
911,4.152349215801685
912,4.1664555529109695
913,4.177253152370856
914,4.1850163356360115
915,4.190058821844055
916,4.192717491129969
917,4.193338022880627
918,4.192263019629036
919,4.18982282692315
920,4.18632893882729
921,4.182069660659173
922,4.1773075832993385
923,4.172278389828387
924,4.167190541866936
925,4.162225456586604
926,4.157537866560702
927,4.153256139420606
928,4.149482413808521
929,4.1462924778941455
930,4.143735375432872
931,4.1418327728656035
932,4.140578161310697
933,4.139936001979771
934,4.13984095477213
935,4.140197359047061
936,4.140879162951351
937,4.141730521609665
938,4.142567301231207
939,4.1431797298758335
940,4.143336418451452
941,4.142789928815539
942,4.141283981770166
943,4.138562271951562
944,4.134378691394422
945,4.128508570772997
946,4.1207603498432075
947,4.11098691901633
948,4.099095769453313
949,4.085057082857316
950,4.068909003479679
951,4.050759560641377
952,4.030785021884503
953,4.009224805599579
954,3.986373409173372
955,3.9625700612724604
956,3.938186949804318
957,3.913616900260619
958,3.8892612963280486
959,3.86551887649248
960,3.8427758442824542
961,3.821397530825464
962,3.8017216728699075
963,3.784053232772793
964,3.768660594292457
965,3.755772916944682
966,3.745578415211164
967,3.7382233384526025
968,3.733811454574689
969,3.732403878392143
970,3.734019128970695
971,3.73863334551596
972,3.746180636345054
973,3.756553578773757
974,3.769603928231222
975,3.7851436313776605
976,3.802946268587716
977,3.8227490733144545
978,3.8442556860121715
979,3.8671397943567434
980,3.8910497851197743
981,3.9156144828527415
982,3.9404499752068474
983,3.9651674267243324
984,3.9893816696000775
985,4.0127202441069825
986,4.034832460528223
987,4.05539798819055
988,4.074134463155441
989,4.090803655213915
990,4.1052158469409825
991,4.117232239804546
992,4.126765390332116
993,4.133777862266466
994,4.138279428076682
995,4.1403232423489325
996,4.140001430201578
997,4.13744048976245
998,4.1327968145948155
999,4.126252522621924
1000,4.118011656874315
1001,4.108296720949764
1002,4.097345442100768
1003,4.085407622726477
1004,4.072741944436968
1005,4.059612619755527
1006,4.046285833824769
1007,4.033025970644762
1008,4.020091665575773
1009,4.007731761345489
1010,3.996181265446245
1011,3.985657412726312
1012,3.9763559308138268
1013,3.968447591879441
1014,3.96207511672872
1015,3.957350480548493
1016,3.95435265715663
1017,3.9531258325012026
1018,3.953678119368715
1019,3.9559808135447136
1020,3.9599682456667566
1021,3.965538300322775
1022,3.972553691191773
1023,3.9808440938934337
1024,3.9902092416523156
1025,4.000423077451019
1026,4.011239024892486
1027,4.022396384685015
1028,4.03362778335233
1029,4.0446674984466755
1030,4.055260368503549
1031,4.065170880155063
1032,4.074191927692515
1033,4.082152682195803
1034,4.088925005885225
1035,4.094427913048294
1036,4.0986297108860015
1037,4.101547638201372
1038,4.103245032205878
1039,4.103826262977012
1040,4.10342985112962
1041,4.102220304330849
1042,4.10037926135118
1043,4.098096520119102
1044,4.095561460909667
1045,4.09295527574098
1046,4.090444299975157
1047,4.08817462911151
1048,4.086268104820978
1049,4.084819675697304
1050,4.0838960811093585
1051,4.083535768335746
1052,4.083749929064105
1053,4.084524525947947
1054,4.085823168302128
1055,4.087590684608867
1056,4.089757226444089
1057,4.092242723806672
1058,4.094961497436027
1059,4.09782682270528
1060,4.100755235892705
1061,4.103670380781011
1062,4.106506214291616
1063,4.109209425183016
1064,4.111740968427032
1065,4.1140766761843945
1066,4.11620696893319
1067,4.118135750894727
1068,4.11987862613606
1069,4.121460610425614
1070,4.12291353578046
1071,4.124273348664109
1072,4.125577490156727
1073,4.126862520073329
1074,4.128162110983665
1075,4.129505496811102
1076,4.130916418356768
1077,4.1324125682628114
1078,4.134005503292784
1079,4.135700964157183
1080,4.13749952341104
1081,4.139397470446042
1082,4.141387838976344
1083,4.1434614858999135
1084,4.145608139886843
1085,4.147817352110672
1086,4.150079298638681
1087,4.152385402495123
1088,4.154728761716668
1089,4.15710438640138
1090,4.15950926165862
1091,4.161942263711613
1092,4.164403962808806
1093,4.166896349106718
1094,4.169422516690752
1095,4.171986337093181
1096,4.174592147892005
1097,4.177244475153547
1098,4.179947801459213
1099,4.182706384774981
1100,4.1855241279972875
1101,4.188404494980757
1102,4.191350466307426
1103,4.194364526940174
1104,4.19744867797135
1105,4.200604465645445
1106,4.203833022324738
1107,4.207135115763515
1108,4.21051120463508
1109,4.21396149951867
1110,4.21748602933385
1111,4.2210847134848075
1112,4.2247574397477194
1113,4.228504147321276
1114,4.232324913573576
1115,4.2362200420439535
1116,4.240190148330529
1117,4.244236239779727
1118,4.248359784481682
1119,4.252562765057817
1120,4.256847713110446
1121,4.261217720989199
1122,4.265676428642321
1123,4.270227984690241
1124,4.274876982359093
1125,4.2796283724340585
1126,4.284487356801329
1127,4.28945926733817
1128,4.294549435770165
1129,4.299763060569685
1130,4.3051050769477195
1131,4.310580035460157
1132,4.316191993671986
1133,4.321944423693512
1134,4.3278401361987315
1135,4.333881218748078
1136,4.340068982819107
1137,4.346403909845795
1138,4.3528855816665475
1139,4.359512574944363
1140,4.366282292132782
1141,4.373190693173205
1142,4.380231882001966
1143,4.387397489799718
1144,4.394675782395943
1145,4.402050402129466
1146,4.409498634714931
1147,4.41698906965587
1148,4.424478499505955
1149,4.431907881000476
1150,4.439197163676133
1151,4.446238785684634
1152,4.4528896525230754
1153,4.4589614681053
1154,4.464209401386434
1155,4.468319275418677
1156,4.4708937949137875
1157,4.471438818547102
1158,4.469351353952366
1159,4.4639117852610575
1160,4.454283730250836
1161,4.439525629506839
1162,4.418618293213214
1163,4.390511646759641
1164,4.3541913438103625
1165,4.30876164959154
1166,4.253535700369469
1167,4.188119524010564
1168,4.1124742225508
1169,4.0269431461602165
1170,3.9322377251185734
1171,3.8293847629923046
1172,3.7196461150053577
1173,3.604426005388888
1174,3.4851809020592026
1175,3.363342985374568
1176,3.2402629371010403
1177,3.117172953577384
1178,2.995167600767028
1179,2.8751985400099813
1180,2.758078885876759
1181,2.6444934747898667
1182,2.5350121641193564
1183,2.4301041449184364
1184,2.330151985266664
1185,2.2354646762486503
1186,2.146289336980177
1187,2.0628214806566727
1188,1.9852138870726914
1189,1.913584200784011
1190,1.8480214032964528
1191,1.7885913103561462
1192,1.7353412337867122
1193,1.6883039290781903
1194,1.6475009297975372
1195,1.6129453504459268
1196,1.5846442219772767
1197,1.562600409283902
1198,1.546814147603416
1199,1.5372842247468221
1200,1.534008827946051
1201,1.5369860675261424
1202,1.5462141841004062
1203,1.561691441111329
1204,1.5834156998801228
1205,1.6113836694401953
1206,1.6455898179020256
1207,1.6860249254813189
1208,1.7326742512052538
1209,1.7855152752595018
1210,1.8445149666115621
1211,1.9096265106866115
1212,1.9807854145257588
1213,2.0579048874709915
1214,2.140870375291664
1215,2.2295331073100106
1216,2.323702504107786
1217,2.423137295371683
1218,2.5275352253809524
1219,2.6365212953557995
1220,2.7496346324532333
1221,2.8663143169539502
1222,2.985884879193971
1223,3.107542728908312
1224,3.230345511961575
1225,3.3532072572387928
1226,3.4749030322440557
1227,3.5940873728439877
1228,3.709330531031743
1229,3.8191750511278695
1230,3.9222119444213734
1231,4.017170916054006
1232,4.10301372377744
1233,4.179015727846444
1234,4.24482017975772
1235,4.3004539898175835
1236,4.346301809304033
1237,4.383044508019826
1238,4.411575156426871
1239,4.432908234229768
1240,4.448095908909529
1241,4.458160515064672
1242,4.464047008251706
1243,4.466594816975476
1244,4.466525871036379
1245,4.464444553713875
1246,4.460845428334697
1247,4.456125293288867
1248,4.450597014537448
1249,4.4445034274890745
1250,4.438030282215486
1251,4.431317704430454
1252,4.42446997975913
1253,4.417563676333773
1254,4.4106542367961135
1255,4.4037812256493245
1256,4.396972434350431
1257,4.390247040613013
1258,4.383618000711102
1259,4.377093830890369
1260,4.370679910282847
1261,4.364379415237812
1262,4.358193974774228
1263,4.352124119345975
1264,4.346169580249613
1265,4.34032948460707
1266,4.334602480586135
1267,4.328986819084221
1268,4.323480411166237
1269,4.318080874885065
1270,4.31278558048493
1271,4.307591699257645
1272,4.302496258339031
1273,4.297496201434136
1274,4.292588453748474
1275,4.287769988247954
1276,4.283037889695594
1277,4.278389412691904
1278,4.273822030096778
1279,4.269333468693611
1280,4.264921729680375
1281,4.260585092487129
1282,4.256322101431287
1283,4.252131535781577
1284,4.248012364828199
1285,4.243963690517206
1286,4.239984681041949
1287,4.236074499479207
1288,4.232232232070886
1289,4.228456821081227
1290,4.2247470072656785
1291,4.221101286861845
1292,4.217517887607663
1293,4.213994767588994
1294,4.21052963966603
1295,4.207120022815402
1296,4.203763319930931
1297,4.200456919497844
1298,4.197198316151957
1299,4.193985242609534
1300,4.190815802983912
1301,4.187688595367598
1302,4.184602810031678
1303,4.181558289015636
1304,4.178555533528871
1305,4.175595647722753
1306,4.17268021113102
1307,4.169811077427585
1308,4.166990103902002
1309,4.164218823842713
1310,4.16149808224638
1311,4.158827663216985
1312,4.156205944195432
1313,4.153629616874938
1314,4.151093516402651
1315,4.148590598505711
1316,4.146112097961867
1317,4.143647891178615
1318,4.141187070750756
1319,4.13871872145299
1320,4.136232866388078
1321,4.133721530655428
1322,4.1311798499800885
1323,4.128607135518317
1324,4.126007795722152
1325,4.123392013560416
1326,4.1207760837516885
1327,4.118182330301109
1328,4.115638548864825
1329,4.113176949657447
1330,4.110832612343442
1331,4.108641501744661
1332,4.106638129303244
1333,4.104852977420153
1334,4.103309829960564
1335,4.102023170985215
1336,4.100995824349321
1337,4.100217008864187
1338,4.099660977039605
1339,4.099286389729236
1340,4.099036553737486
1341,4.098840613887008
1342,4.098615744533401
1343,4.098270328009778
1344,4.097708040185811
1345,4.096832689372135
1346,4.0955535796478255
1347,4.093791101128641
1348,4.091482197084705
1349,4.088585330738315
1350,4.085084580787305
1351,4.080992538164719
1352,4.07635175571772
1353,4.071234609895343
1354,4.065741556511395
1355,4.059997885650443
1356,4.054149188236568
1357,4.048355826230661
1358,4.042786742560561
1359,4.037612954618761
1360,4.03300105087312
1361,4.029106962294932
1362,4.026070219152226
1363,4.024008839443231
1364,4.023014936296703
1365,4.023151084128014
1366,4.024447450541146
1367,4.026899683984199
1368,4.030467545094378
1369,4.0350742803639825
1370,4.040606756992033
1371,4.046916403684671
1372,4.053821029029922
1373,4.06110761156375
1374,4.0685361675785146
1375,4.075844797522779
1376,4.082755982927568
1377,4.088984147944148
1378,4.094244410349352
1379,4.09826232875122
1380,4.100784314680436
1381,4.101588236722533
1382,4.100493621618179
1383,4.097370780341389
1384,4.092148179180998
1385,4.084817451613567
1386,4.075435606495026
1387,4.064124215003023
1388,4.05106562096628
1389,4.0364964764870175
1390,4.020699117771821
1391,4.003991435497976
1392,3.986715946388593
1393,3.9692287415351974
1394,3.9518888897620124
1395,3.935048736061875
1396,3.919045382169366
1397,3.9041934909826232
1398,3.8907794343060758
1399,3.8790567122841275
1400,3.86924251465164
1401,3.8615152657314398
1402,3.8560129917481385
1403,3.8528323643774627
1404,3.852028302707176
1405,3.8536140518547755
1406,3.8575616962504986
1407,3.863803105574421
1408,3.8722313485361606
1409,3.8827026410674144
1410,3.895038917877503
1411,3.909031126092961
1412,3.924443333144023
1413,3.941017714637968
1414,3.958480439291066
1415,3.97654839678368
1416,3.994936623782243
1417,4.013366180676961
1418,4.031572128765387
1419,4.0493111702542155
1420,4.066368458676068
1421,4.082563080308018
1422,4.0977517573807205
1423,4.111830431677974
1424,4.1247335425080545
1425,4.136430996675907
1426,4.14692301523765
1427,4.156233207676507
1428,4.164400349280316
1429,4.17146941172162
1430,4.177482420277843
1431,4.182469692713881
1432,4.186441968656652
1433,4.189383879200156
1434,4.191249146060067
1435,4.191957843325732
1436,4.1913960007625635
1437,4.189417766766679
1438,4.185850267554348
1439,4.180501181813278
1440,4.1731688853753655
1441,4.163654806591597
1442,4.151777382935771
1443,4.137386753628734
1444,4.12037910823014
1445,4.100709491264617
1446,4.078401885626822
1447,4.053555587599051
1448,4.026347233181066
1449,3.9970282900246437
1450,3.965918313750268
1451,3.93339469535777
1452,3.8998799260692936
1453,3.865827538220055
1454,3.831707845745173
1455,3.79799443865194
1456,3.765152134852568
1457,3.7336268151254677
1458,3.703837308314658
1459,3.6761692836305175
1460,3.6509709577170706
1461,3.6285503353399844
1462,3.6091736649610326
1463,3.593064791357769
1464,3.5804051138417443
1465,3.5713338996091357
1466,3.565948749139409
1467,3.56430605913527
1468,3.566421375414742
1469,3.5722695725378375
1470,3.581784839035412
1471,3.5948604879749153
1472,3.611348653414844
1473,3.63105997510555
1474,3.6537634168292983
1475,3.6791864072274487
1476,3.7070155332676213
1477,3.736898051113863
1478,3.7684445000839855
1479,3.801232703544535
1480,3.834813405488398
1481,3.8687177132345383
1482,3.902466388515555
1483,3.9355808516958164
1484,3.9675955482203884
1485,3.9980710971051927
1486,4.026607435054724
1487,4.0528560304666845
1488,4.0765302100859735
1489,4.097412743291993
1490,4.1153600648374296
1491,4.1303028557565735
1492,4.14224308763861
1493,4.151247998672961
1494,4.157441747447041
1495,4.160995640702984
1496,4.162117842646607
1497,4.161043363815187
1498,4.158024935203909
1499,4.153325144518619
1500,4.147209988502758
1501,4.1399438093476695
1502,4.131785451015688
1503,4.122985396535083
1504,4.113783623865978
1505,4.104407934092904
1506,4.095072547830312
1507,4.0859768209659615
1508,4.077303988707964
1509,4.069219899887834
1510,4.06187174717033
1511,4.055386831387419
1512,4.049871419732171
1513,4.0454097693174695
1514,4.042063391488312
1515,4.039870630178518
1516,4.038846621106432
1517,4.038983688770877
1518,4.040252225544345
1519,4.0426020816965424
1520,4.045964476676058
1521,4.0502544201573505
1522,4.055373606224365
1523,4.061213716135529
1524,4.067660035671274
1525,4.074595264180511
1526,4.081903366931652
1527,4.089473303471895
1528,4.097202455612253
1529,4.104999581933491
1530,4.112787142664213
1531,4.120502868998814
1532,4.1281004920845055
1533,4.135549594946016
1534,4.1428346002911205
1535,4.149952952826526
1536,4.156912591362539
1537,4.1637288299271145
1538,4.1704207766516435
1539,4.177007414805146
1540,4.183503454559238
1541,4.189915041009415
1542,4.196235378911185
1543,4.20244031332533
1544,4.208483893820401
1545,4.214293953710443
1546,4.219767760077922
1547,4.224767839116901
1548,4.229118156993329
1549,4.232600938489021
1550,4.234954529083638
1551,4.235872838825767
1552,4.235007026827525
1553,4.231970160679258
1554,4.226345571942332
1555,4.217699478060708
1556,4.205598109892394
1557,4.1896290556334765
1558,4.169425837708909
1559,4.144693976902923
1560,4.115236130505585
1561,4.080973516005348
1562,4.041960919851289
1563,3.9983932138965703
1564,3.9506023823226273
1565,3.8990453751147744
1566,3.8442843471341765
1567,3.7869617352188776
1568,3.7277730064345995
1569,3.6674397711753546
1570,3.60668541993162
1571,3.5462147036913665
1572,3.486697922639219
1573,3.4287597512449346
1574,3.372972276592085
1575,3.319851568101628
1576,3.2698569999937606
1577,3.2233925662660394
1578,3.1808095151611817
1579,3.1424097483019655
1580,3.1084495526831715
1581,3.0791433459033017
1582,3.0546672089770914
1583,3.035162054789959
1584,3.020736334977819
1585,3.0114682264910284
1586,3.0074072646502255
1587,3.008575405345365
1588,3.014967508137574
1589,3.0265512369817773
1590,3.0432663784632257
1591,3.0650235810237545
1592,3.0917025249103234
1593,3.123149543920121
1594,3.15917473920679
1595,3.1995486555172543
1596,3.2439986346008114
1597,3.2922050223755885
1598,3.3437974881678407
1599,3.398351816241918
1600,3.4553876482640034
1601,3.514367780133734
1602,3.5746997284280466
1603,3.635740349802292
1604,3.6968042791817894
1605,3.7571768009734563
1606,3.8161314382444127
1607,3.872952017923031
1608,3.9269582724934384
1609,3.9775332629488958
1610,4.024150213597627
1611,4.066395935139655
1612,4.103988056033366
1613,4.136783866796836
1614,4.1647796416682565
1615,4.188100620528636
1616,4.206983107073775
1617,4.221751078714501
1618,4.2327901332840225
1619,4.240521498031614
1620,4.245378315677565
1621,4.247785691878511
1622,4.248145230281626
1623,4.24682413676904
1624,4.244148515321838
1625,4.2404002144520465
1626,4.235816485368896
1627,4.230591733337612
1628,4.224880733560209
1629,4.218802802468986
1630,4.212446536421157
1631,4.205874835525244
1632,4.199130012697785
1633,4.192238845382485
1634,4.1852174619939975
1635,4.178075971783531
1636,4.170822751229517
1637,4.163468298281599
1638,4.156028563403505
1639,4.148527668019063
1640,4.140999929868281
1641,4.13349113247198
1642,4.126059002099184
1643,4.118772888430164
1644,4.111712681321374
1645,4.1049670318693545
1646,4.098630977485131
1647,4.092803094723265
1648,4.087582318052908
1649,4.083064566849388
1650,4.0793393171827255
1651,4.076486241112715
1652,4.0745720165163
1653,4.073647387605021
1654,4.073744532835369
1655,4.074874775138471
1656,4.07702665115013
1657,4.080164342782208
1658,4.084226467048881
1659,4.089125219215033
1660,4.094745870517169
1661,4.100946635085957
1662,4.107558941095954
1663,4.114388167767174
1664,4.12121494088065
1665,4.1277971117533845
1666,4.133872573155232
1667,4.139163083395483
1668,4.143379267898129
1669,4.146226936227135
1670,4.147414782817301
1671,4.146663426359396
1672,4.143715587629915
1673,4.138347020427294
1674,4.130377618738641
1675,4.119681959111344
1676,4.106198439004008
1677,4.089936173878984
1678,4.070978937209281
1679,4.049485664060708
1680,4.02568735980465
1681,3.9998806090993284
1682,3.972418206111506
1683,3.9436976712637097
1684,3.914148548570182
1685,3.884219383001909
1686,3.8543651759891286
1687,3.825035942365168
1688,3.796666783049089
1689,3.769669680264138
1690,3.7444270422783346
1691,3.7212868870134765
1692,3.700559462445678
1693,3.682515052885767
1694,3.6673827061677984
1695,3.6553496281657996
1696,3.6465610192330655
1697,3.6411201649932186
1698,3.6390886363934096
1699,3.640486497851798
1700,3.6452924661401545
1701,3.6534440057685043
1702,3.664837389207605
1703,3.679327792421762
1704,3.696729537747743
1705,3.716816636070348
1706,3.7393238162752183
1707,3.7639482581562023
1708,3.7903522597137145
1709,3.8181670638583762
1710,3.8469980350289306
1711,3.8764313059048665
1712,3.906041904153019
1713,3.9354032206976437
1714,3.9640975047070097
1715,3.9917268867245075
1716,4.017924269774601
1717,4.042363323364431
1718,4.064766799086999
1719,4.084912479129692
1720,4.102636270587932
1721,4.117832245575691
1722,4.130449755604115
1723,4.140488063400251
1724,4.147989183362016
1725,4.153029765114728
1726,4.1557128775958585
1727,4.156160461645003
1728,4.154507043370027
1729,4.150895074564203
1730,4.145472027242881
1731,4.138389148772124
1732,4.129801605151425
1733,4.119869616458857
1734,4.108760125305236
1735,4.096648534382604
1736,4.083720095229705
1737,4.0701706155028345
1738,4.056206261921268
1739,4.042042355253708
1740,4.027901167517129
1741,4.014008827851469
1742,4.000591514039111
1743,3.9878711477774393
1744,3.9760608244516544
1745,3.9653601968860213
1746,3.955951004229207
1747,3.947992899541641
1748,3.941619690101949
1749,3.9369360689692594
1750,3.934014889088513
1751,3.9328950145115136
1752,3.933579777597305
1753,3.9360360753658914
1754,3.9401941502115174
1755,3.9459481166486325
1756,3.9531573124182513
1757,3.961648564170711
1758,3.971219459518725
1759,3.981642702925158
1760,3.9926715976331772
1761,4.004046636408621
1762,4.01550310001627
1763,4.026779458362496
1764,4.0376262547347
1765,4.04781504361035
1766,4.057146866001771
1767,4.065459702931343
1768,4.072634363361916
1769,4.078598345411776
1770,4.083327354878093
1771,4.08684435645979
1772,4.089216244210307
1773,4.090548417936182
1774,4.090977713209883
1775,4.090664234647111
1776,4.089782677365872
1777,4.088513694520917
1778,4.087035793259201
1779,4.085518136032733
1780,4.084114507872339
1781,4.082958598651997
1782,4.082160653066984
1783,4.081805465041156
1784,4.081951637969493
1785,4.082631994822124
1786,4.083854998309256
1787,4.085607026409548
1788,4.087855338709445
1789,4.09055156163016
1790,4.093635514711526
1791,4.097039196111756
1792,4.100690744899664
1793,4.10451820268855
1794,4.108452909770291
1795,4.112432392601151
1796,4.116402630540179
1797,4.120319629001372
1798,4.124150271043252
1799,4.127872466174586
1800,4.131474659482696
1801,4.134954801917473
1802,4.138318910249153
1803,4.1415793607384925
1804,4.144753063266947
1805,4.14785965346425
1806,4.150919821299007
1807,4.153953868568935
1808,4.156980557910567
1809,4.1600162854656135
1810,4.163074580830536
1811,4.166165913449279
1812,4.169297765503902
1813,4.172474918308087
1814,4.175699892254431
1815,4.178973479110649
1816,4.182295309084667
1817,4.185664402566978
1818,4.189079666610016
1819,4.1925403078277865
1820,4.196046145322304
1821,4.199597818470254
1822,4.203196894105139
1823,4.206845885249747
1824,4.210548198768017
1825,4.214308032066907
1826,4.21813023944261
1827,4.222020187179118
1828,4.225983613522311
1829,4.23002650569085
1830,4.234155001655182
1831,4.238375319988066
1832,4.242693717040184
1833,4.247116467299829
1834,4.251649860203458
1835,4.256300204915708
1836,4.261073833615453
1837,4.265977093450515
1838,4.271016317310646
1839,4.276197763629816
1840,4.281527515225604
1841,4.287011326373817
1842,4.2926544055315725
1843,4.298461118023813
1844,4.304434588253209
1845,4.31057617430016
1846,4.316884778891746
1847,4.3233559495009946
1848,4.329980706759306
1849,4.336744024649743
1850,4.343622868617555
1851,4.350583679872747
1852,4.357579177591894
1853,4.3645443384848015
1854,4.371391409926707
1855,4.37800382558642
1856,4.384228931226173
1857,4.389869506909359
1858,4.394674207926055
1859,4.398327261099684
1860,4.400438066153777
1861,4.400531776083563
1862,4.398042457001662
1863,4.392311005396729
1864,4.3825905099086055
1865,4.368061978351042
1866,4.347863019793559
1867,4.321130868303847
1868,4.287058875809293
1869,4.244962432480774
1870,4.194346842920074
1871,4.134967122453892
1872,4.06686922712243
1873,3.990404629809661
1874,3.9062150671933673
1875,3.8151902475156603
1876,3.7184063615637206
1877,3.6170558518574554
1878,3.5123786407819684
1879,3.4056025687137477
1880,3.2978973804645144
1881,3.190343375372294
1882,3.083913492149568
1883,2.9794663131048353
1884,2.877747077390468
1885,2.779393985330846
1886,2.6849475627287154
1887,2.5948614217111654
1888,2.5095132784908287
1889,2.4292155132949103
1890,2.354224872779918
1891,2.2847511322003915
1892,2.220964673732852
1893,2.1630030194221477
1894,2.1109764000784454
1895,2.064972458819052
1896,2.0250601897976854
1897,1.991293205727465
1898,1.963712416535136
1899,1.9423481885481406
1900,1.9272220406064056
1901,1.9183479211560956
1902,1.9157330990572539
1903,1.9193786904792476
1904,1.929279834712211
1905,1.9454255226666466
1906,1.9677980729568443
1907,1.9963722413791811
1908,2.031113939996307
1909,2.071978531609865
1910,2.11890865400812
1911,2.1718315159962587
1912,2.2306555942273336
1913,2.2952666470626837
1914,2.3655229507860893
1915,2.4412496572795854
1916,2.5222321753765398
1917,2.6082084975331297
1918,2.698860439498445
1919,2.7938038473941895
1920,2.8925779722106775
1921,2.9946344370434375
1922,3.099326547280082
1923,3.205900128606106
1924,3.3134876080423155
1925,3.4211076187023806
1926,3.5276728772215185
1927,3.632009232035862
1928,3.7328883134717485
1929,3.829074834992259
1930,3.9193871568042056
1931,4.002766450297566
1932,4.078346432599096
1933,4.145513354349723
1934,4.203945926212291
1935,4.2536277442550094
1936,4.294829980918962
1937,4.328068045750705
1938,4.35404063512539
1939,4.3735617141470176
1940,4.387495283857413
1941,4.39670009287274
1942,4.401988011563538
1943,4.4040966886737865
1944,4.403674952487485
1945,4.401278307928871
1946,4.39737161481475
1947,4.392336300995239
1948,4.386479985038964
1949,4.380046958118076
1950,4.373228492115842
1951,4.366172354397571
1952,4.35899121289016
1953,4.351769821790558
1954,4.344571008926091
1955,4.337440560983659
1956,4.330411139765188
1957,4.323505374648674
1958,4.316738273172261
1959,4.310119079814754
1960,4.303652697042395
1961,4.297340765392423
1962,4.29118248247542
1963,4.285175225304304
1964,4.2793150267565725
1965,4.273596945434705
1966,4.268015358637175
1967,4.262564200443263
1968,4.25723716078032
1969,4.252027856533598
1970,4.246929981971438
1971,4.241937442760952
1972,4.237044475397978
1973,4.232245751835784
1974,4.227536467349018
1975,4.222912408216114
1976,4.218369994665916
1977,4.213906293844827
1978,4.209518997439653
1979,4.205206359223026
1980,4.200967089289729
1981,4.196800204235538
1982,4.192704835974404
1983,4.1886800062043354
1984,4.184724378452328
1985,4.180836004793333
1986,4.177012089220646
1987,4.173248793660031
1988,4.169541115091161
1989,4.165882862536452
1990,4.162266760213417
1991,4.158684697534825
1992,4.155128137706796
1993,4.151588684597864
1994,4.148058792860528
1995,4.144532589943083
1996,4.141006761946458
1997,4.137481439900564
1998,4.133961010730089
1999,4.130454769712095
2000,4.126977330065118
2001,4.123548711447497
2002,4.12019404287616
2003,4.116942836443961
2004,4.113827814971366
2005,4.110883307528209
2006,4.108143259349289
2007,4.105638934703055
2008,4.1033964205703075
2009,4.101434063752686
2010,4.099759992908151
2011,4.098369889076541
2012,4.097245172832896
2013,4.09635177266884
2014,4.095639626775185
2015,4.095043048079894
2016,4.094482049027488
2017,4.0938646771940705
2018,4.093090355144505
2019,4.092054149093126
2020,4.090651814147235
2021,4.088785384972623
2022,4.08636900790625
2023,4.083334653919277
2024,4.079637321724573
2025,4.075259345222204
2026,4.0702134637874625
2027,4.064544396220201
2028,4.0583287716351455
2029,4.05167339980874
2030,4.044711992922288
2031,4.037600563706394
2032,4.030511808373835
2033,4.0236288287193815
2034,4.0171385551444585
2035,4.0112252058372295
2036,4.006064065734424
2037,4.001815802935134
2038,3.9986214703375147
2039,3.996598274992801
2040,3.9958361428637
2041,3.996395065412988
2042,3.9983031873751558
2043,4.001555581117892
2044,4.006113650060855
2045,4.011905109193817
2046,4.0188245023321425
2047,4.026734231205344
2048,4.035466088973499
2049,4.04482330883672
2050,4.054583155667515
2051,4.064500103602004
2052,4.074309653387257
2053,4.083732847534995
2054,4.092481535768007
2055,4.100264424185595
2056,4.10679390533958
2057,4.111793610413908
2058,4.115006548720658
2059,4.1162036074950406
2060,4.115192085213639
2061,4.111823838349562
2062,4.106002552398556
2063,4.097689621742399
2064,4.0869081542884045
2065,4.073744712280333
2066,4.058348554786678
2067,4.040928342300034
2068,4.021746472181939
2069,4.001111404204861
2070,3.97936848031501
2071,3.956889823556784
2072,3.9340639121526024
2073,3.911285372833238
2074,3.8889454387464695
2075,3.867423392226882
2076,3.847079181696303
2077,3.828247281495944
2078,3.8112317644618834
2079,3.7963024847636713
2080,3.7836922234368187
2081,3.773594628449737
2082,3.7661627806977016
2083,3.7615082322306326
2084,3.7597003889498155
2085,3.760766143431857
2086,3.7646897018853833
2087,3.771412590713582
2088,3.7808338714284906
2089,3.792810636469461
2090,3.8071589011628753
2091,3.8236550460870684
2092,3.8420379956924506
2093,3.8620123378805147
2094,3.8832525886945315
2095,3.905408778836478
2096,3.928113477413692
2097,3.950990268617367
2098,3.9736635594825946
2099,3.995769429622269
2100,4.016967054326592
2101,4.03695006709136
2102,4.055457108581112
2103,4.0722807676107
2104,4.087274178192738
2105,4.100354700222696
2106,4.111504363596331
2107,4.120767059964111
2108,4.128242773903666
2109,4.134079406287643
2110,4.138462918574778
2111,4.141606598727317
2112,4.143740220155354
2113,4.145099754946037
2114,4.145918142094117
2115,4.146417432515885
2116,4.146802462146965
2117,4.14725606050308
2118,4.147935693440466
2119,4.14897136642654
2120,4.150464574086901
2121,4.152488066242693
2122,4.155086202714025
2123,4.158275682481194
2124,4.162046452684842
2125,4.16636262672602
2126,4.1711632674963415
2127,4.176362922192334
2128,4.181851830957895
2129,4.187495775144188
2130,4.193135584695144
2131,4.1985863899789955
2132,4.203636781820096
2133,4.208048132815635
2134,4.2115544279928825
2135,4.2138630435551905
2136,4.214656983173966
2137,4.2135991104271895
2138,4.210338877469154
2139,4.204521917483393
2140,4.195802622664112
2141,4.183859468704676
2142,4.168412397754338
2143,4.149241096610652
2144,4.12620259982505
2145,4.09924641755994
2146,4.068425428468696
2147,4.033901129928584
2148,3.995942465888686
2149,3.9549182429521075
2150,3.911283935781008
2151,3.8655643114143823
2152,3.8183336555659175
2153,3.77019542709645
2154,3.721762940942973
2155,3.6736422773750963
2156,3.6264181446322388
2157,3.580642975859905
2158,3.536829180627694
2159,3.495444222046433
2160,3.4569080504206506
2161,3.4215923743619223
2162,3.389821264462195
2163,3.361872637853529
2164,3.33798024368731
2165,3.3183358452258016
2166,3.303091364803228
2167,3.2923608188893274
2168,3.28622192042426
2169,3.2847172651585965
2170,3.2878550496361325
2171,3.295609293115959
2172,3.307919556702446
2173,3.324690173005675
2174,3.345789021446557
2175,3.371045910589035
2176,3.400250662100224
2177,3.4331510333583215
2178,3.469450668719008
2179,3.5088073331250302
2180,3.550831753752466
2181,3.5950874700023183
2182,3.641092158713447
2183,3.6883209437527205
2184,3.7362121951089615
2185,3.7841762467803277
2186,3.831607290806827
2187,3.8778984222123802
2188,3.922459422008122
2189,3.964736408905936
2190,4.004232035819356
2191,4.040524553383421
2192,4.073283914707899
2193,4.1022832321499365
2194,4.1274043368070465
2195,4.148636874926727
2196,4.166071172243778
2197,4.179885842615282
2198,4.190331662057253
2199,4.197713483694247
2200,4.202371922617635
2201,4.204666251683953
2202,4.204959519732126
2203,4.203606438013109
2204,4.200944162941747
2205,4.1972857838273105
2206,4.192916119796105
2207,4.188089332595839
2208,4.183027849337062
2209,4.177922135056248
2210,4.172930934797457
2211,4.1681816993907574
2212,4.163771004898189
2213,4.159764864824495
2214,4.156198912785822
2215,4.15307850028469
2216,4.150378809895565
2217,4.148045129276071
2218,4.145993466269992
2219,4.1441117091929005
2220,4.142261546971394
2221,4.140281357481849
2222,4.137990244451299
2223,4.135193348776016
2224,4.131688475560348
2225,4.127273963425039
2226,4.1217575829127355
2227,4.114966098362312
2228,4.106754981819796
2229,4.097017653118865
2230,4.085693562886746
2231,4.0727744555091006
2232,4.058308256005741
2233,4.042400211226475
2234,4.025211157862454
2235,4.006953051035391
2236,3.987882126713397
2237,3.9682902531045867
2238,3.9484951276780134
2239,3.9288299917086174
2240,3.9096334733301563
2241,3.891240054394042
2242,3.8739715120382754
2243,3.858129537545955
2244,3.8439896020157893
2245,3.8317960325324374
2246,3.8217581887758243
2247,3.8140475877916664
2248,3.8087958098989727
2249,3.8060930258658034
2250,3.805987008759618
2251,3.808482528236022
2252,3.8135410663973657
2253,3.8210808396859015
2254,3.8309771581300907
2255,3.843063199452989
2256,3.8571313185322174
2257,3.872935049199024
2258,3.8901919809139525
2259,3.908587701816649
2260,3.9277809854004855
2261,3.9474103540033876
2262,3.967102073264853
2263,3.9864795161757964
2264,4.005173687792482
2265,4.022834534552144
2266,4.039142496363007
2267,4.053819623038202
2268,4.066639499192744
2269,4.0774352287639
2270,4.086104834812857
2271,4.092613627066664
2272,4.09699335398865
2273,4.099338247886039
2274,4.099798344213043
2275,4.098570668193032
2276,4.095889005894508
2277,4.092013004944398
2278,4.087217292634416
2279,4.0817811798832375
2280,4.075979367584773
2281,4.070073915026863
2282,4.064307589688908
2283,4.058898606757256
2284,4.054036689990174
2285,4.049880341646811
2286,4.046555192631574
2287,4.044153307475918
2288,4.042733334719225
2289,4.042321414764292
2290,4.042912778666719
2291,4.044473988135275
2292,4.0469457761374255
2293,4.050246446989063
2294,4.054275783981338
2295,4.058919392055498
2296,4.064053374758125
2297,4.069549212039642
2298,4.075278672976107
2299,4.081118570598349
2300,4.086955150251909
2301,4.092687903090497
2302,4.0982326154989925
2303,4.103523503997381
2304,4.1085143410475
2305,4.113178544903337
2306,4.11750827881476
2307,4.121512673263239
2308,4.125215341725784
2309,4.12865139984311
2310,4.131864216570275
2311,4.134902123674151
2312,4.137815289173915
2313,4.1406529253093245
2314,4.143460957598426
2315,4.146280233854884
2316,4.149145305339884
2317,4.152083770188365
2318,4.155116134308574
2319,4.158256118463848
2320,4.161511322590848
2321,4.164884149307924
2322,4.168372887216441
2323,4.171972859900827
2324,4.175677557162266
2325,4.1794796795601625
2326,4.183372044297578
2327,4.187348318423344
2328,4.191403562854612
2329,4.195534586654084
2330,4.199740124350199
2331,4.204020859202511
2332,4.208379321830984
2333,4.212819696535606
2334,4.217347567189622
2335,4.2219696313007695
2336,4.226693405327396
2337,4.2315269373169535
2338,4.236478535053539
2339,4.241556509734546
2340,4.246768927137166
2341,4.252123350530943
2342,4.2576265522692776
2343,4.263284163949503
2344,4.269100227998196
2345,4.275076606215547
2346,4.281212192849542
2347,4.287501870946218
2348,4.293935140954065
2349,4.30049434013588
2350,4.3071523609811635
2351,4.313869767988392
2352,4.3205912073036705
2353,4.3272410065423115
2354,4.333717878164229
2355,4.339888676723311
2356,4.345581228312155
2357,4.350576362175107
2358,4.354599443770228
2359,4.357311948379948
2360,4.3583039309690665
2361,4.3570886319519975
2362,4.353100871393959
2363,4.3457012429107005
2364,4.3341882838873556
2365,4.317820579814872
2366,4.295849953220628
2367,4.267565358976521
2368,4.232344920217309
2369,4.189711064503395
2370,4.139381652294643
2371,4.081309170355493
2372,4.015701119572858
2373,3.943017688507247
2374,3.8639469433569933
2375,3.7793618390049586
2376,3.6902661508805306
2377,3.5977372860173795
2378,3.5028729537896344
2379,3.406746529707746
2380,3.310373469550497
2381,3.2146889926301543
2382,3.1205357906949662
2383,3.028659770506465
2384,2.939711658856382
2385,2.85425248304436
2386,2.7727613013481403
2387,2.6956439635877936
2388,2.623242053974813
2389,2.555841472373334
2390,2.4936803387961404
2391,2.43695606667622
2392,2.3858315563285
2393,2.340440524737717
2394,2.3008920235016888
2395,2.267274212908531
2396,2.239657463857567
2397,2.2180968555290512
2398,2.202634128728812
2399,2.1932991447146803
2400,2.1901108883489884
2401,2.1930780432197454
2402,2.202199155269005
2403,2.217462390458247
2404,2.23884488106702
2405,2.2663116441943734
2406,2.299814044889463
2407,2.3392877650744994
2408,2.3846502283772177
2409,2.435797420767524
2410,2.4926000387968257
2411,2.5548988933195997
2412,2.6224995002344573
2413,2.6951658059592596
2414,2.772613031271539
2415,2.854499682429695
2416,2.9404188854645503
2417,3.029889362128092
2418,3.122346597584079
2419,3.2171350579476403
2420,3.3135026930391835
2421,3.4105993709016382
2422,3.507481256693575
2423,3.6031233337124506
2424,3.69644207869773
2425,3.786329538036087
2426,3.8716985600219918
2427,3.9515367621168638
2428,4.024964300226543
2429,4.091288341999808
2430,4.150046183321094
2431,4.201029858401824
2432,4.244287966206011
2433,4.280104584537916
2434,4.308959325663988
2435,4.331475546316859
2436,4.3483647392555875
2437,4.360374253464647
2438,4.368243367327201
2439,4.372670229622955
2440,4.374289983914392
2441,4.373662868998975
2442,4.371270295563864
2443,4.367516696848925
2444,4.362735130319691
2445,4.3571949757048705
2446,4.351110493164664
2447,4.3446493918021805
2448,4.337940875853557
2449,4.331082875231402
2450,4.324148335554541
2451,4.317190553617609
2452,4.310247611591083
2453,4.303345999711223
2454,4.296503532869804
2455,4.289731668912631
2456,4.283037330924067
2457,4.2764243259584225
2458,4.269894440880505
2459,4.26344828363845
2460,4.257085926183007
2461,4.250807393802149
2462,4.244613035019655
2463,4.238503796524562
2464,4.232481418905847
2465,4.226548561398435
2466,4.220708857550255
2467,4.214966898943868
2468,4.20932814108732
2469,4.203798724600271
2470,4.1983852060369875
2471,4.193094196213588
2472,4.187931909651471
2473,4.182903636467224
2474,4.178013157232792
2475,4.1732621313238125
2476,4.168649499163394
2477,4.164170947532035
2478,4.159818493604479
2479,4.155580246464502
2480,4.151440403464794
2481,4.147379532094059
2482,4.143375175435691
2483,4.139402800788746
2484,4.135437087073215
2485,4.131453518478605
2486,4.127430221363931
2487,4.123349951308256
2488,4.119202110536636
2489,4.114984655996746
2490,4.110705748120432
2491,4.106384992016957
2492,4.102054137488076
2493,4.097757131302893
2494,4.093549452449673
2495,4.089496705092482
2496,4.085672490299392
2497,4.082155621760876
2498,4.079026788686032
2499,4.076364798101297
2500,4.074242547629632
2501,4.072722888932694
2502,4.071854543098875
2503,4.0716682250900496
2504,4.0721731279028885
2505,4.073353911128654
2506,4.075168334951932
2507,4.077545679942166
2508,4.080386094198077
2509,4.083561009766296
2510,4.086914765250759
2511,4.0902675553736065
2512,4.093419794451891
2513,4.0961579234825605
2514,4.098261606084721
2515,4.099512147482917
2516,4.0997018394862375
2517,4.098643796595784
2518,4.096181724007093
2519,4.092198971439649
2520,4.086626200641854
2521,4.079447045518974
2522,4.070701275952709
2523,4.060485177642717
2524,4.048949103832609
2525,4.0362924040512445
2526,4.02275615201319
2527,4.008614248965763
2528,3.9941635531736166
2529,3.979713680124005
2530,3.9655770446340286
2531,3.952059597485304
2532,3.9394525703736303
2533,3.9280254061934072
2534,3.9180199334565438
2535,3.909645753481462
2536,3.9030767499869317
2537,3.8984486012154744
2538,3.8958571700528286
2539,3.8953576618368526
2540,3.8969644664634746
2541,3.9006516352191403
2542,3.9063539783057033
2543,3.9139688016327
2544,3.923358326841627
2545,3.9343528526686207
2546,3.9467547148925526
2547,3.960343083111775
2548,3.974879593456114
2549,3.990114757098148
2550,4.005795007968706
2551,4.021670165902235
2552,4.037501003728609
2553,4.053066531797104
2554,4.0681705654080975
2555,4.082647132447623
2556,4.0963643182233875
2557,4.109226232811044
2558,4.121172915188162
2559,4.132178142370972
2560,4.142245270080017
2561,4.151401373104446
2562,4.159690061436016
2563,4.167163412827481
2564,4.1738734828917625
2565,4.179863837483445
2566,4.1851615115923195
2567,4.1897697491758965
2568,4.1936618327475355
2569,4.196776279652203
2570,4.199013667441775
2571,4.200235350578324
2572,4.200264334935667
2573,4.198888569308216
2574,4.195866874134861
2575,4.190937635787582
2576,4.183830233106151
2577,4.1742789254572354
2578,4.162038630664722
2579,4.146901692197649
2580,4.128714436337398
2581,4.107392124020833
2582,4.082930877302969
2583,4.0554153491673235
2584,4.025021304031748
2585,3.9920128278216254
2586,3.9567344915151472
2587,3.919599335401488
2588,3.881073924878605
2589,3.8416618976877226
2590,3.801887375666678
2591,3.762279395484481
2592,3.7233581922069257
2593,3.6856238198389204
2594,3.6495472730558
2595,3.615564020467377
2596,3.584069685799198
2597,3.5554175157623304
2598,3.529917238406764
2599,3.5078349257508425
2600,3.489393512550274
2601,3.4747736753147525
2602,3.464114832265375
2603,3.457516079672606
2604,3.4550369299443444
2605,3.456697761124594
2606,3.4624799269438062
2607,3.4723255128849275
2608,3.4861367591538683
2609,3.5037752082422577
2610,3.5250606751424907
2611,3.549770183740302
2612,3.577637064064706
2613,3.608350460728048
2614,3.641555559524193
2615,3.676854889889533
2616,3.71381109511664
2617,3.7519515651564537
2618,3.7907752811517423
2619,3.82976210905145
2620,3.8683845893714146
2621,3.9061220006153756
2622,3.942476143067672
2623,3.9769879388239446
2624,4.009253636095684
2625,4.038939215544563
2626,4.065791590881026
2627,4.0896454120543675
2628,4.110424705252757
2629,4.128139154403601
2630,4.1428754390646265
2631,4.154784577751124
2632,4.164066590176166
2633,4.170953939313786
2634,4.175695150842662
2635,4.178539782625888
2636,4.179725601479471
2637,4.179468489070425
2638,4.177955297135368
2639,4.17533963448404
2640,4.1717404022098314
2641,4.167242790675575
2642,4.161901395065342
2643,4.155745076705466
2644,4.148783179192048
2645,4.141012691758796
2646,4.132425934240623
2647,4.123018321640333
2648,4.112795759370198
2649,4.101781232291357
2650,4.090020190160699
2651,4.077584403536035
2652,4.064574066176802
2653,4.051118044660886
2654,4.037372310125827
2655,4.023516714830233
2656,4.009750382282347
2657,3.996286052455289
2658,3.9833437573848895
2659,3.9711441980223148
2660,3.9599021568902524
2661,3.949820222859361
2662,3.9410830354572273
2663,3.933852187107017
2664,3.928261860860329
2665,3.9244152340667395
2666,3.9223816475794564
2667,3.922194525736551
2668,3.9238500327116315
2669,3.927306462916822
2670,3.9324843829971012
2671,3.939267566085004
2672,3.947504780295703
2673,3.957012507561952
2674,3.9675786701858944
2675,3.97896742564036
2676,3.99092505083117
2677,4.003186873114554
2678,4.015485118070681
2679,4.027557439343634
2680,4.0391557849502515
2681,4.050055153461282
2682,4.060061721286889
2683,4.069019797362082
2684,4.0768170971093145
2685,4.083387927758109
2686,4.088714034120096
2687,4.092823048467294
2688,4.09578469279619
2689,4.0977050668625905
2690,4.098719495551109
2691,4.098984488556996
2692,4.098669380028072
2693,4.097948172962077
2694,4.096992027823772
2695,4.095962725552765
2696,4.095007319581873
2697,4.0942540836864625
2698,4.093809771304216
2699,4.093758131265869
2700,4.094159574464782
2701,4.095051853118819
2702,4.0964515949910485
2703,4.098356525291563
2704,4.1007482057307
2705,4.103595121206679
2706,4.106855948864769
2707,4.110482851703587
2708,4.114424650032828
2709,4.118629739615725
2710,4.123048645716381
2711,4.127636127458228
2712,4.132352776077332
2713,4.137166082303026
2714,4.142050980091238
2715,4.146989903875172
2716,4.151972422023434
2717,4.156994528381184
2718,4.162057685351712
2719,4.167167715542649
2720,4.172333634954852
2721,4.1775665101569235
2722,4.182878406459517
2723,4.188281475622045
2724,4.1937872118977975
2725,4.199405885850513
2726,4.205146147584661
2727,4.211014775639899
2728,4.217016535182845
2729,4.223154099285903
2730,4.229427979692177
2731,4.2358364080004804
2732,4.242375104011526
2733,4.249036864403354
2734,4.2558109013863685
2735,4.262681857186117
2736,4.269628416096856
2737,4.276621431909935
2738,4.283621485848016
2739,4.290575790691097
2740,4.2974143636016775
2741,4.304045407663627
2742,4.31034987637122
2743,4.316175254064275
2744,4.321328678005973
2745,4.325569664641275
2746,4.328602892471317
2747,4.330071740716089
2748,4.329553578654103
2749,4.326558116672249
2750,4.320530406808617
2751,4.310860219037258
2752,4.296899384226722
2753,4.277988137376737
2754,4.2534904085300935
2755,4.22283640995014
2756,4.1855689781629115
2757,4.141388402711476
2758,4.09018951040708
2759,4.032085102868901
2760,3.9674116479112005
2761,3.8967160619745
2762,3.82072569601409
2763,3.740306312743942
2764,3.6564142317013153
2765,3.570048735971515
2766,3.482209587651291
2767,3.3938626653320823
2768,3.3059148914137846
2769,3.21919815005442
2770,3.1344609638940035
2771,3.0523662710193697
2772,2.973493596975761
2773,2.8983441015424005
2774,2.8273472705802267
2775,2.7608683325662677
2776,2.6992157579840703
2777,2.6426484261855845
2778,2.591382215123056
2779,2.545595890206153
2780,2.5054362489318702
2781,2.471022527678612
2782,2.4424501048314706
2783,2.419793547103435
2784,2.403109048731731
2785,2.392436309813103
2786,2.387799892909839
2787,2.38921008780292
2788,2.3966633039035203
2789,2.410141998926031
2790,2.4296141413379986
2791,2.4550321930570926
2792,2.4863315881441133
2793,2.5234286732428406
2794,2.5662180669780943
2795,2.614569389623173
2796,2.668323313013988
2797,2.727286886797978
2798,2.7912281148833267
2799,2.8598697911862834
2800,2.932882664074499
2801,3.0098780934709066
2802,3.0904005034036786
2803,3.1739201244232107
2804,3.2598267678706736
2805,3.3474256683641
2806,3.435936741449102
2807,3.5244988673872495
2808,3.6121809273009196
2809,3.6980011464575524
2810,3.7809556939976514
2811,3.8600563490188944
2812,3.9343754007364358
2813,4.003094047584717
2814,4.065548869973717
2815,4.121270079648509
2816,4.1700057052238595
2817,4.211727799302549
2818,4.24661976048524
2819,4.275047128738205
2820,4.297516801418216
2821,4.314630878682721
2822,4.327041144083438
2823,4.335408861458089
2824,4.340372711587368
2825,4.342525867293018
2826,4.342401784058517
2827,4.340467401633947
2828,4.337122069584282
2829,4.332700495243845
2830,4.327478217709633
2831,4.321678413124232
2832,4.315479150795379
2833,4.3090204999078825
2834,4.302411113193649
2835,4.295734084495999
2836,4.289051997992266
2837,4.282411167641132
2838,4.275845116078901
2839,4.269377371374874
2840,4.263023674584995
2841,4.25679369600486
2842,4.250692356898419
2843,4.244720848571564
2844,4.238877433293141
2845,4.233158102467395
2846,4.227557156898053
2847,4.222067762050614
2848,4.216682517913424
2849,4.211394068488358
2850,4.206195760355888
2851,4.201082343663237
2852,4.196050693009929
2853,4.191100511032812
2854,4.186234965140737
2855,4.181461198995227
2856,4.176790656039291
2857,4.172239153467081
2858,4.167826651927845
2859,4.163576678923642
2860,4.159515381724616
2861,4.155670207671236
2862,4.152068234583883
2863,4.148734200111007
2864,4.145688304647239
2865,4.142943886527894
2866,4.140505089341593
2867,4.138364658416951
2868,4.1365020159446795
2869,4.134881770895099
2870,4.13345281974505
2871,4.132148185593806
2872,4.13088572470615
2873,4.129569798937241
2874,4.1280939681672475
2875,4.1263446980676
2876,4.124206006194045
2877,4.121564887082113
2878,4.118317271240113
2879,4.114374193238446
2880,4.109667782069923
2881,4.1041566545071015
2882,4.097830298983769
2883,4.090712088461145
2884,4.0828606538613545
2885,4.0743694756216415
2886,4.065364694172225
2887,4.056001281727442
2888,4.046457839193232
2889,4.036930368831922
2890,4.027625417874958
2891,4.018752990283031
2892,4.010519589632893
2893,4.003121696261168
2894,3.996739908598469
2895,3.991533903500715
2896,3.987638302298845
2897,3.9851594738473994
2898,3.9841732654165134
2899,3.984723626348525
2900,3.9868220755755073
2901,3.990447958703256
2902,3.9955494393669686
2903,4.002045168951995
2904,4.009826575195315
2905,4.0187607011377535
2906,4.028693510187917
2907,4.039453550890422
2908,4.0508558482810315
2909,4.062705860956036
2910,4.074803319181867
2911,4.086945745376091
2912,4.098931460129986
2913,4.110561899661363
2914,4.121643117249621
2915,4.131986411849041
2916,4.14140811821318
2917,4.1497286973407075
2918,4.156771373585704
2919,4.162360662782357
2920,4.166321210507139
2921,4.168477397505224
2922,4.16865415810466
2923,4.1666793878328
2924,4.162388184053703
2925,4.155628971300327
2926,4.146271324127507
2927,4.13421503965336
2928,4.11939976573297
2929,4.10181430249254
2930,4.081504607388453
2931,4.058579577762117
2932,4.033213867995488
2933,4.005647299915442
2934,3.976180796966444
2935,3.945169150194424
2936,3.9130112420572014
2937,3.8801385631864425
2938,3.8470029347391153
2939,3.81406430097854
2940,3.7817793119202836
2941,3.75059121482035
2942,3.7209213568857122
2943,3.6931624028122267
2944,3.6676732104139735
2945,3.6447751944442413
2946,3.6247499418195717
2947,3.6078378140067815
2948,3.594237274781534
2949,3.5841047043433014
2950,3.577554495661231
2951,3.574659269861531
2952,3.575450090454966
2953,3.5799165991549393
2954,3.5880070381922677
2955,3.5996281655882867
2956,3.614645111338733
2957,3.632881264409411
2958,3.6541183227649663
2959,3.678096680289868
2960,3.7045163628037265
2961,3.7330387559794573
2962,3.7632893842743487
2963,3.794861993635829
2964,3.8273241524004744
2965,3.8602245060081124
2966,3.8931016969294
2967,3.9254947935114
2968,3.9569548722532453
2969,3.987057191158031
2970,4.01541321163861
2971,4.041681612746887
2972,4.0655774302081396
2973,4.086878565136242
2974,4.105429140629424
2975,4.121139508505649
2976,4.1339830702377744
2977,4.143990412268766
2978,4.151241508431817
2979,4.155856873043387
2980,4.157988546598138
2981,4.157811677756568
2982,4.155517265349973
2983,4.151306385485005
2984,4.145385992442323
2985,4.137966179754979
2986,4.129258639189613
2987,4.119475967931579
2988,4.108831445858377
2989,4.097538926370619
2990,4.085812542890055
2991,4.073866014510224
2992,4.06191142453952
2993,4.050157432966955
2994,4.038806959212205
2995,4.028054429358878
2996,4.0180827201911615
2997,4.009059951583183
2998,4.001136282075302
2999,3.9944408541528387
3000,3.989079020436738
3001,3.985129964025372
3002,3.982644808842169
3003,3.981645301127148
3004,3.9821231317449386
3005,3.984039960168219
3006,3.9873281930198985
3007,3.9918925604416375
3008,3.9976125193082215
3009,4.00434549065561
3010,4.01193090740982
3011,4.0201950067844425
3012,4.02895625051971
3013,4.038031198886344
3014,4.0472406068250075
3015,4.056415460649825
3016,4.065402640253638
3017,4.074069883133714
3018,4.082309748737631
3019,4.090042336499125
3020,4.097216595096398
3021,4.103810165407469
3022,4.109827812830749
3023,4.115298611922978
3024,4.12027213447567
3025,4.124813951482756
3026,4.129000785159005
3027,4.13291563980095
3028,4.136643204853135
3029,4.140265767996515
3030,4.143859809411435
3031,4.1474933790515776
3032,4.151224293603035
3033,4.155099133455605
3034,4.15915297500179
3035,4.163409760663951
3036,4.167883187735735
3037,4.172577986180675
3038,4.17749145338534
3039,4.182615118881452
3040,4.1879364226430935
3041,4.1934403052444695
3042,4.199110625496984
3043,4.204931339794058
3044,4.2108873959053374
3045,4.216965311078186
3046,4.2231534188030375
3047,4.229441779478108
3048,4.235821756710041
3049,4.242285262744606
3050,4.248823673546234
3051,4.255426406840107
3052,4.262079145924408
3053,4.26876167970833
3054,4.275445317154335
3055,4.282089824637776
3056,4.288639830850794
3057,4.295020649804177
3058,4.301133493190688
3059,4.3068500849615186
3060,4.312006760466684
3061,4.3163982374365935
3062,4.3197713930132
3063,4.321819573096984
3064,4.322178192729874
3065,4.32042264037029
3066,4.316069734537202
3067,4.308584130469391
3068,4.297391040904751
3069,4.281896306635789
3070,4.261514133126166
3071,4.235701672784378
3072,4.203998183814169
3073,4.166065012569354
3074,4.121721549254515
3075,4.070972045328401
3076,4.01401904010675
3077,3.9512610702214634
3078,3.8832748892802726
3079,3.810784919861248
3080,3.7346244331632463
3081,3.655693621741686
3082,3.574919306894279
3083,3.493219829489394
3084,3.411477167345473
3085,3.330516907531676
3086,3.2510956263970314
3087,3.1738945737616815
3088,3.0995182786440845
3089,3.028496690529159
3090,2.961289631682039
3091,2.8982925707108986
3092,2.8398429728823245
3093,2.7862267028835053
3094,2.7376841354238857
3095,2.6944157655793415
3096,2.6565872083856528
3097,2.6243335428316614
3098,2.597762996558482
3099,2.576959990782805
3100,2.5619875756520916
3101,2.5528892884291547
3102,2.5496904636144126
3103,2.552399017361264
3104,2.561005719799734
3105,2.5754839590819913
3106,2.595788990887984
3107,2.621856657376579
3108,2.6536015509296265
3109,2.6909145914538635
3110,2.733659982979924
3111,2.7816715178818567
3112,2.834748208306376
3113,2.892649248442957
3114,2.9550883535988395
3115,3.0217275893167486
3116,3.092170903553069
3117,3.165957714220207
3118,3.242557087398935
3119,3.32136326524868
3120,3.4016935510197546
3121,3.4827897947041597
3122,3.563824882418386
3123,3.643915621868473
3124,3.7221431226626307
3125,3.7975810919970763
3126,3.869331364273693
3127,3.936564544303454
3128,3.9985621261794604
3129,4.05475526750559
3130,4.1047550119013465
3131,4.148369480716662
3132,4.18560539007404
3133,4.216653788798661
3134,4.241862477751311
3135,4.26169947251041
3136,4.276712681306107
3137,4.28749065391538
3138,4.294628116879184
3139,4.298698503322334
3140,4.300234233750125
3141,4.29971437801105
3142,4.297558625818429
3143,4.294126181219898
3144,4.289718175589964
3145,4.284582350671345
3146,4.278919001967778
3147,4.2728874265067285
3148,4.266612348683027
3149,4.26018998598335
3150,4.253693559098821
3151,4.247178152149229
3152,4.24068489567094
3153,4.23424448567658
3154,4.227880073891482
3155,4.221609573538438
3156,4.215447426810843
3157,4.209405878332811
3158,4.203495796252693
3159,4.197727081099168
3160,4.192108703287577
3161,4.186648413744053
3162,4.181352178479413
3163,4.176223396663821
3164,4.17126197200144
3165,4.166463317938345
3166,4.16181738717263
3167,4.157307823705447
3168,4.152911339788958
3169,4.148597419143913
3170,4.144328440317663
3171,4.140060298866041
3172,4.13574358334571
3173,4.131325327750062
3174,4.12675132272419
3175,4.121968921574342
3176,4.116930227943044
3177,4.111595504576446
3178,4.105936602300867
3179,4.099940180937575
3180,4.093610484548497
3181,4.086971445627214
3182,4.080067927496563
3183,4.072965968998453
3184,4.065751965170677
3185,4.05853079424641
3186,4.0514229760741545
3187,4.044561011474899
3188,4.0380850994891
3189,4.032138456151991
3190,4.026862463778336
3191,4.022391866059666
3192,4.018850195966354
3193,4.016345585956904
3194,4.0149670687898045
3195,4.014781437032771
3196,4.01583069365515
3197,4.018130097027099
3198,4.021666782157281
3199,4.02639892609996
3200,4.03225541859348
3201,4.039135998382312
3202,4.0469118205625145
3203,4.055426430089932
3204,4.064497130859455
3205,4.073916758085066
3206,4.083455883381105
3207,4.092865505614032
3208,4.101880303801992
3209,4.110222547188377
3210,4.117606766608209
3211,4.1237452836270565
3212,4.128354662482958
3213,4.131163088676876
3214,4.131918584677177
3215,4.130397851139604
3216,4.126415382705332
3217,4.119832370627493
3218,4.110564796394093
3219,4.098590069038653
3220,4.0839515865466325
3221,4.066760718688899
3222,4.047195907005594
3223,4.025498831429937
3224,4.001967862548906
3225,3.9769492598225415
3226,3.9508267516435533
3227,3.924010220262983
3228,3.896924209419637
3229,3.8699968882521056
3230,3.8436499664587096
3231,3.818289891548564
3232,3.794300495759338
3233,3.772037117437764
3234,3.751822110703246
3235,3.7339415817186037
3236,3.7186431478274566
3237,3.706134501762889
3238,3.6965825703334656
3239,3.6901130788998615
3240,3.6868103640725938
3241,3.6867173133350506
3242,3.689835349073524
3243,3.6961244143253222
3244,3.7055029578073455
3245,3.7178479562867763
3246,3.73299505293648
3247,3.750738930434794
3248,3.7708340758459493
3249,3.7929961281949707
3250,3.8169040250622572
3251,3.842203175847095
3252,3.8685098796483977
3253,3.895417167583218
3254,3.9225021763832855
3255,3.9493350490310863
3256,3.975489211444801
3257,4.000552702257775
3258,4.0241400551168605
3259,4.0459040772099275
3260,4.065546765323699
3261,4.082828580061571
3262,4.097575377165416
3263,4.109682471488979
3264,4.119115562634089
3265,4.125908542701104
3266,4.130158488337655
3267,4.132018366533333
3268,4.131688125112147
3269,4.129404883055358
3270,4.125432890866609
3271,4.120053820170159
3272,4.113557794469359
3273,4.1062354185377234
3274,4.0983709249232705
3275,4.090236446346819
3276,4.0820873475246415
3277,4.074158507621364
3278,4.066661429473986
3279,4.059782056553205
3280,4.053679196019549
3281,4.048483469968991
3282,4.044296742311212
3283,4.041191992401412
3284,4.0392136264338365
3285,4.038378232385176
3286,4.0386757931352655
3287,4.040071374715522
3288,4.042507302041123
3289,4.045905822770668
3290,4.050172241258836
3291,4.055198479622623
3292,4.060866993198244
3293,4.067054935489691
3294,4.073638436377618
3295,4.080496830832856
3296,4.087516657892271
3297,4.094595245040205
3298,4.101643704111296
3299,4.108589192285004
3300,4.1153763343270295
3301,4.121967756287823
3302,4.128343740858931
3303,4.134501073916482
3304,4.1404512038740595
3305,4.146217874825
3306,4.151834417489328
3307,4.157340887413317
3308,4.162781228688533
3309,4.168200616464776
3310,4.173643096667538
3311,4.179149600924653
3312,4.1847563728362385
3313,4.190493801763226
3314,4.196385624707314
3315,4.202448427102627
3316,4.208691350084558
3317,4.215115895067913
3318,4.221715705860499
3319,4.2284762035069905
3320,4.235373949065497
3321,4.242375614292428
3322,4.249436449875363
3323,4.25649815619049
3324,4.263486084135881
3325,4.270305726017731
3326,4.276838502440622
3327,4.282936915510303
3328,4.288419226927638
3329,4.293063937155969
3330,4.296604492223105
3331,4.298724826479836
3332,4.299056552107112
3333,4.297178804081466
3334,4.292621897468002
3335,4.284875985008015
3336,4.2734057327209936
3337,4.257671576511645
3338,4.237157335307057
3339,4.211402868176046
3340,4.180039226980526
3341,4.142822653034858
3342,4.099663150487394
3343,4.050643549634794
3344,3.9960260671719015
3345,3.9362452053736297
3346,3.8718879691871977
3347,3.8036642648763572
3348,3.7323715183177106
3349,3.658857815411506
3350,3.583987314247604
3351,3.5086106058211968
3352,3.433541463247316
3353,3.3595403093326626
3354,3.2873039139865745
3355,3.217460348090155
3356,3.150568026173004
3357,3.087117684922972
3358,3.027536282866238
3359,2.972191999127372
3360,2.921399708584286
3361,2.8754264899035853
3362,2.8344968698862676
3363,2.798797620104712
3364,2.7684820030046744
3365,2.7436734198675756
3366,2.724468447975659
3367,2.7109392742672074
3368,2.7031355419765624
3369,2.701085628639152
3370,2.7047973708796618
3371,2.714258245515772
3372,2.7294350090702086
3373,2.75027279000913
3374,2.7766936209651845
3375,2.808594393142615
3376,2.845844213539155
3377,2.8882811496870895
3378,2.9357083590575965
3379,2.987889624839683
3380,3.0445443611082155
3381,3.1053422140046707
3382,3.1698974772226434
3383,3.2377636647934005
3384,3.3084287436359916
3385,3.3813117177648166
3386,3.4557614589461663
3387,3.531058861420473
3388,3.606423505734931
3389,3.681025972158812
3390,3.75400665957675
3391,3.824501366931152
3392,3.8916729608745113
3393,3.954747265755181
3394,4.013050081899956
3395,4.06604129168461
3396,4.113341706332699
3397,4.154748885967023
3398,4.190239629889191
3399,4.219958881960704
3400,4.244196908311027
3401,4.26335823760758
3402,4.2779266447187645
3403,4.288430337647682
3404,4.295410675527507
3405,4.2993965471724085
3406,4.3008853184164995
3407,4.300330253841836
3408,4.298133643427867
3409,4.294644516007945
3410,4.290159733332885
3411,4.284927343540855
3412,4.279151250402063
3413,4.272996464445592
3414,4.266594405659226
3415,4.260047904875226
3416,4.253435694902121
3417,4.2468162932020945
3418,4.240231259395303
3419,4.233707868281392
3420,4.227261277384426
3421,4.220896291432148
3422,4.214608837827705
3423,4.20838726930865
3424,4.20221360410314
3425,4.1960648010132
3426,4.189914147748633
3427,4.183732816307883
3428,4.17749161026656
3429,4.171162896929409
3430,4.164722684338624
3431,4.158152771533084
3432,4.1514428729730515
3433,4.144592597548878
3434,4.137613151631884
3435,4.1305286360542794
3436,4.123376819432495
3437,4.116209294222165
3438,4.109090955195332
3439,4.10209877933485
3440,4.0953199273170675
3441,4.088849225533768
3442,4.082786120184356
3443,4.077231218620083
3444,4.072282546488835
3445,4.068031652481898
3446,4.0645596870998
3447,4.061933570335938
3448,4.060202348552485
3449,4.059393826272004
3450,4.059511547002535
3451,4.060532190899547
3452,4.06240345757198
3453,4.06504251028797
3454,4.068335072707592
3455,4.072135289309607
3456,4.076266482607159
3457,4.080522959188873
3458,4.084673025979985
3459,4.088463369961614
3460,4.091624920352759
3461,4.093880244362973
3462,4.094952421583
3463,4.094575199356802
3464,4.09250406195679
3465,4.088527669890223
3466,4.0824789709086895
3467,4.074245184782573
3468,4.063775850529027
3469,4.051088216951667
3470,4.0362694551296014
3471,4.019475452277558
3472,4.000926267944757
3473,3.9808986433761717
3474,3.9597162031798048
3475,3.93773813999252
3476,3.9153472141309615
3477,3.8929378399662764
3478,3.870904894436454
3479,3.849633704247662
3480,3.8294914799353554
3481,3.8108202932645217
3482,3.793931556006381
3483,3.7791018598749577
3484,3.7665699787696636
3485,3.7565348100515368
3486,3.749154033883446
3487,3.74454329097707
3488,3.742775712807147
3489,3.7438816794010883
3490,3.7478487247927315
3491,3.754621557036162
3492,3.7641022071600476
3493,3.7761503687745317
3494,3.7905840362718743
3495,3.807180592969488
3496,3.8256785382518594
3497,3.845780070270203
3498,3.867154751902747
3499,3.8894444748897246
3500,3.912269892368299
3501,3.9352384067264268
3502,3.957953674851776
3503,3.980026430180714
3504,4.001086233369807
3505,4.020793574042009
3506,4.0388515865897245
3507,4.055016548563245
3508,4.069106331133613
3509,4.081006083891473
3510,4.090670655937933
3511,4.098123553588648
3512,4.1034525652514455
3513,4.106802491713132
3514,4.108365656541187
3515,4.108371005227725
3516,4.1070726247458165
3517,4.1047384408679815
3518,4.101639707491545
3519,4.0980417248152
3520,4.094196043456168
3521,4.0903342533503295
3522,4.086663333200183
3523,4.083362452541307
3524,4.080581071332919
3525,4.0784381643049255
3526,4.077022400439347
3527,4.076393123451524
3528,4.076581999771217
3529,4.077595220852054
3530,4.079416163016935
3531,4.082008418479946
3532,4.085319115092394
3533,4.089282440324242
3534,4.093823278517164
3535,4.098860861706504
3536,4.104312325876599
3537,4.110096059040373
3538,4.116134727388916
3539,4.122357872676203
3540,4.128703988758003
3541,4.135122007423781
3542,4.141572151771538
3543,4.14802614681015
3544,4.154466808476822
3545,4.160887060425342
3546,4.167288449673793
3547,4.173679245227225
3548,4.180072206906123
3549,4.186482104879595
3550,4.192923055013984
3551,4.199405713312562
3552,4.205934347319728
3553,4.212503776770505
3554,4.21909615357382
3555,4.225677536217142
3556,4.232194209770061
3557,4.2385687139840424
3558,4.244695572862335
3559,4.250436773998594
3560,4.255617129121348
3561,4.260019761595839
3562,4.263382112076384
3563,4.265393024334086
3564,4.265691654280977
3565,4.263869107520784
3566,4.259473808643686
3567,4.25202157688284
3568,4.241011157199754
3569,4.225945473569406
3570,4.206358113628009
3571,4.181843579289488
3572,4.152088806444318
3573,4.116902621471279
3574,4.076239450120911
3575,4.030213942993388
3576,3.9791042701618626
3577,3.9233434698047094
3578,3.8635000245141176
3579,3.8002503391041627
3580,3.734346665678401
3581,3.6665841419112013
3582,3.5977700799355863
3583,3.5286977168529576
3584,3.4601255993493556
3585,3.3927628520250366
3586,3.3272598992963083
3587,3.264203805080248
3588,3.204117228009717
3589,3.147459996980529
3590,3.094632423594671
3591,3.045979627658259
3592,3.0017963198795106
3593,2.9623316389340015
3594,2.927793767343014
3595,2.8983541494036875
3596,2.874151206764924
3597,2.855293497172606
3598,2.841862294135159
3599,2.8339135840798115
3600,2.8314794867801356
3601,2.8345691073744335
3602,2.8431688266125055
3603,2.857242031898231
3604,2.876728286921647
3605,2.9015419336390798
3606,2.9315701187452845
3607,2.966670239419659
3608,3.0066668124672833
3609,3.051347789943902
3610,3.10046037672901
3611,3.153706455551987
3612,3.210737797350372
3613,3.2711513334744065
3614,3.33448489307146
3615,3.4002139611042277
3616,3.4677501789502303
3617,3.5364424669465495
3618,3.60558175717815
3619,3.674410328689255
3620,3.742136567987939
3621,3.8079555706346553
3622,3.8710753212786124
3623,3.9307472718715935
3624,3.9862991087218624
3625,4.037166585097295
3626,4.082920779844254
3627,4.123287270731734
3628,4.158154583297061
3629,4.18757076711864
3630,4.211728724328658
3631,4.230942529691914
3632,4.245618055875192
3633,4.256221559829751
3634,4.26324953611643
3635,4.267202316130548
3636,4.2685628721904925
3637,4.267781322094331
3638,4.265264880806852
3639,4.261372528846876
3640,4.256413443128796
3641,4.250648206176909
3642,4.24429190388636
3643,4.237518378797861
3644,4.230465079816101
3645,4.223238111911886
3646,4.2159172257155815
3647,4.208560591766203
3648,4.201209278088249
3649,4.193891396496208
3650,4.186625907671181
3651,4.17942608311901
3652,4.1723026188720596
3653,4.165266386108413
3654,4.158330791955244
3655,4.1515137131818936
3656,4.144838958962314
3657,4.13833721820892
3658,4.132046452914555
3659,4.126011711307324
3660,4.120284352311914
3661,4.114920694091288
3662,4.109980122178763
3663,4.105522714812251
3664,4.101606462753241
3665,4.0982841769753
3666,4.095600189722186
3667,4.093586962967901
3668,4.092261724269094
3669,4.0916232548409015
3670,4.091648959899776
3671,4.092292358126413
3672,4.093481135990471
3673,4.09511592308631
3674,4.0970699545457965
3675,4.099189792431758
3676,4.101297274527473
3677,4.103192839641151
3678,4.104660336469345
3679,4.105473352237603
3680,4.105402994687955
3681,4.104226928695567
3682,4.101739316268798
3683,4.09776115353061
3684,4.092150365160582
3685,4.0848109337863505
3686,4.075700334261269
3687,4.0648346260018435
3688,4.052290729763586
3689,4.038205658970966
3690,4.022772754507844
3691,4.006235241918005
3692,3.9888776494043765
3693,3.971015763766113
3694,3.952985847010777
3695,3.9351337947765397
3696,3.917804809026895
3697,3.901334009347125
3698,3.8860382474532758
3699,3.872209241196686
3700,3.8601080226008464
3701,3.8499606066290624
3702,3.8419547341402143
3703,3.8362375202648775
3704,3.8329138423240736
3705,3.832045323090386
3706,3.8336497997476635
3707,3.837701211532603
3708,3.844129885817147
3709,3.8528232501940467
3710,3.8636270439456424
3711,3.876347142916952
3712,3.8907521432502845
3713,3.9065768667869394
3714,3.923526948339119
3715,3.9412846364424605
3716,3.959515879353945
3717,3.977878674443702
3718,3.9960325338656433
3719,4.013648771419999
3720,4.030421161428833
3721,4.046076383875782
3722,4.0603835783003674
3723,4.073162307477228
3724,4.084288297398002
3725,4.093696474324098
3726,4.101381046545767
3727,4.107392645812173
3728,4.111832809608969
3729,4.114846309361743
3730,4.116611979919844
3731,4.117332767357529
3732,4.117225687971635
3733,4.116512298603453
3734,4.115410142477683
3735,4.1141254823980855
3736,4.112847486981091
3737,4.1117439111110885
3738,4.11095821663455
3739,4.11060801453638
3740,4.11078467192158
3741,4.1115539101098175
3742,4.11295721745375
3743,4.115013906158765
3744,4.1177236517463465
3745,4.121069363758994
3746,4.125020245208667
3747,4.129534905722809
3748,4.134564399805096
3749,4.140055068091284
3750,4.1459510670582995
3751,4.152196482307065
3752,4.158736932829189
3753,4.165520588629878
3754,4.172498541199987
3755,4.179624484723668
3756,4.186853684484959
3757,4.194141226793338
3758,4.2014395614331335
3759,4.2086953635619
3760,4.2158457585673705
3761,4.222813973320314
3762,4.2295045043411585
3763,4.23579793243326
3764,4.241545569489695
3765,4.246564201140795
3766,4.250631291269744
3767,4.2534811395539105
3768,4.254802622146445
3769,4.2542392788051355
3770,4.251392603886832
3771,4.245829406015095
3772,4.23709396415313
3773,4.224725370839488
3774,4.208279885056884
3775,4.187357338694641
3776,4.16162975060173
3777,4.130869483082312
3778,4.09497376297269
3779,4.053982401774101
3780,4.0080861968558255
3781,3.957624709380148
3782,3.9030736401560224
3783,3.8450234983708445
3784,3.784152334732111
3785,3.7211957818599957
3786,3.656917494412541
3787,3.5920824578132495
3788,3.5274347697487296
3789,3.4636806194860585
3790,3.4014764576844976
3791,3.3414218400431364
3792,3.284056146301566
3793,3.229858281691043
3794,3.179248503635624
3795,3.1325916268446106
3796,3.0902010012486034
3797,3.0523428000046238
3798,3.019240282295459
3799,2.9910778004377003
3800,2.9680044016350684
3801,2.9501369335694028
3802,2.9375626035226685
3803,2.93034096672698
3804,2.928505334861043
3805,2.9320636031682175
3806,2.9409984972725907
3807,2.955267240606492
3808,2.974800642470253
3809,2.9995016069751683
3810,3.0292430665386036
3811,3.0638653524589987
3812,3.10317303218581
3813,3.146931271406372
3814,3.194861822737008
3815,3.2466388054067488
3816,3.3018845251843225
3817,3.3601656923095864
3818,3.4209905249929853
3819,3.4838073680264228
3820,3.548005591198148
3821,3.6129196284426164
3822,3.677837030126649
3823,3.7420112716067897
3824,3.8046797368032212
3825,3.865086743832862
3826,3.922510718436517
3827,3.9762937426486435
3828,4.025870885729284
3829,4.070796191592865
3830,4.110762169979104
3831,4.145610234694356
3832,4.175330696017979
3833,4.200052406947326
3834,4.220023631024946
3835,4.23558679849188
3836,4.247150330651763
3837,4.255160609408246
3838,4.260076585546974
3839,4.262348679962076
3840,4.262402761993148
3841,4.260629252654228
3842,4.257376879227037
3843,4.252950310634666
3844,4.247610793434922
3845,4.241578930537741
3846,4.235038843954758
3847,4.22814309527757
3848,4.221017873563943
3849,4.21376808315155
3850,4.206482066524008
3851,4.19923577889999
3852,4.1920962942733055
3853,4.1851245711544145
3854,4.178377444256694
3855,4.171908839221686
3856,4.165770233635068
3857,4.1600104106095666
3858,4.154674571897029
3859,4.1498028961735365
3860,4.145428644891037
3861,4.141575932992473
3862,4.138257294999019
3863,4.135471188811841
3864,4.13319959031742
3865,4.131405841708299
3866,4.130032925007524
3867,4.129002338616552
3868,4.128213756765166
3869,4.127545646454458
3870,4.126856999716539
3871,4.125990306108432
3872,4.12477583684628
3873,4.123037234974333
3874,4.120598305577599
3875,4.117290781121733
3876,4.112962710023001
3877,4.107486997708151
3878,4.1007695387839656
3879,4.092756337018426
3880,4.0834390326486245
3881,4.072858350724701
3882,4.061105143539738
3883,4.048318905277784
3884,4.034683858442052
3885,4.020422916385178
3886,4.005789985052719
3887,3.991061160632844
3888,3.976525402207762
3889,3.9624752166954056
3890,3.9491978037783797
3891,3.936966992109295
3892,3.9260361754589144
3893,3.916632345368393
3894,3.9089512263491675
3895,3.9031534560758563
3896,3.8993617168964763
3897,3.8976587136279073
3898,3.898085901450402
3899,3.9006428914997704
3900,3.905287495170516
3901,3.911936406133261
3902,3.920466556780355
3903,3.9307172184355457
3904,3.9424929372356443
3905,3.9555674050104814
3906,3.969688351763469
3907,3.984583509321355
3908,3.9999676320996067
3909,4.015550471738167
3910,4.031045493249992
3911,4.046179002450918
3912,4.060699244201958
3913,4.074384948240069
3914,4.087052763870138
3915,4.09856305161688
3916,4.108823594820817
3917,4.11779095046976
3918,4.125469357132946
3919,4.1319073303868405
3920,4.137192271120332
3921,4.141443561990252
3922,4.144804714130097
3923,4.147435144659781
3924,4.1495021223335815
3925,4.151173329296516
3926,4.152610370951041
3927,4.1539634424438425
3928,4.155367244567505
3929,4.156938143887816
3930,4.158772496218382
3931,4.160945999369817
3932,4.16351390770376
3933,4.166511923316296
3934,4.169957572324075
3935,4.173851875962769
3936,4.178181132227981
3937,4.182918632872431
3938,4.188026151978312
3939,4.193455056109049
3940,4.199146902833829
3941,4.205033415237655
3942,4.211035746169
3943,4.217062978977552
3944,4.22300985313211
3945,4.228753755458277
3946,4.234151083071199
3947,4.239033164648199
3948,4.243202024004236
3949,4.24642638363463
3950,4.2484384317767585
3951,4.248932004124589
3952,4.247562940960653
3953,4.243952441333717
3954,4.237694206231019
3955,4.228365994791691
3956,4.215545869653489
3957,4.198832862817549
3958,4.177871083381528
3959,4.152375510789767
3960,4.12215703531809
3961,4.087143920163931
3962,4.047396939728267
3963,4.003116070195411
3964,3.954637694096315
3965,3.902422605082228
3966,3.84703635642039
3967,3.7891244038537173
3968,3.7293848842789816
3969,3.668541737305315
3970,3.607320342090579
3971,3.5464270999304626
3972,3.4865336333199126
3973,3.4282656313695252
3974,3.372195917064629
3975,3.3188410513807987
3976,3.268660691889581
3977,3.2220589421955914
3978,3.1793870164752827
3979,3.140946662481448
3980,3.1069939102429527
3981,3.0777428265941063
3982,3.0533690501672717
3983,3.0340129555758875
3984,3.0197823504725725
3985,3.0107546477685947
3986,3.0069784809012896
3987,3.008474745880366
3988,3.0152370629290233
3989,3.027231655463593
3990,3.044396647314334
3991,3.0666407826849515
3992,3.0938415796664236
3993,3.1258429395849365
3994,3.1624522538532114
3995,3.20343708037375
3996,3.248521506252804
3997,3.297382375777732
3998,3.349645644613288
3999,3.4048832231036434
4000,3.4626107895423375
4001,3.522287177814303
4002,3.583316053234017
4003,3.6450506546885046
4004,3.706802358418441
4005,3.767853660916547
4006,3.8274758431144176
4007,3.8849510473649054
4008,3.939597802226116
4009,3.990798262663229
4010,4.038024755624698
4011,4.080862829805252
4012,4.119028076830042
4013,4.152374595526259
4014,4.1808940390481615
4015,4.204705496567757
4016,4.224037714320363
4017,4.239206072342611
4018,4.250587134157588
4019,4.258593463489726
4020,4.2636508755226545
4021,4.266179550887244
4022,4.266579677701367
4023,4.265221638896534
4024,4.2624402985940755
4025,4.2585326723327315
4026,4.25375816254211
4027,4.24834055714397
4028,4.242471079333326
4029,4.23631190266961
4030,4.229999680990169
4031,4.223648771220098
4032,4.217353940703534
4033,4.211192446434684
4034,4.20522545178366
4035,4.199498808851891
4036,4.194043283780752
4037,4.188874340530678
4038,4.183991627795517
4039,4.179378335320787
4040,4.175000600757799
4041,4.1708071564386
4042,4.16672940635224
4043,4.162682115634874
4044,4.158564875793221
4045,4.154264476101544
4046,4.1496582627631176
4047,4.144618501271197
4048,4.139017674771685
4049,4.132734556124572
4050,4.1256607915143935
4051,4.117707640345278
4052,4.10881244376899
4053,4.098944356876418
4054,4.088108888821023
4055,4.076350856406579
4056,4.06375546693935
4057,4.050447393408083
4058,4.0365878699425215
4059,4.022369995106483
4060,4.008012563169639
4061,3.9937528330449306
4062,3.979838683514948
4063,3.966520593281496
4064,3.954043834324804
4065,3.9426411907564534
4066,3.9325264276977108
4067,3.923888649112769
4068,3.9168876099536947
4069,3.911649992443634
4070,3.908266620972301
4071,3.906790574045891
4072,3.9072361519562815
4073,3.909578671021662
4074,3.9137550743669323
4075,3.9196653700287962
4076,3.9271749243519074
4077,3.9361176471110286
4078,3.9463000998462134
4079,3.9575065368263354
4080,3.969504846657154
4081,3.982053302132243
4082,3.9949079499765228
4083,4.007830388024253
4084,4.020595596086452
4085,4.032999421985077
4086,4.044865290080763
4087,4.05604970784299
4088,4.066446202714991
4089,4.075987424923223
4090,4.0846452914223566
4091,4.092429204046361
4092,4.099382529380344
4093,4.105577657717096
4094,4.111110047416709
4095,4.1160917005901965
4096,4.120644506444727
4097,4.124893837453038
4098,4.128962703083856
4099,4.13296667014189
4100,4.137009660719832
4101,4.141180648410534
4102,4.145551197263003
4103,4.15017372913588
4104,4.155080364188773
4105,4.1602821552601785
4106,4.165768528206793
4107,4.171506745435487
4108,4.177441227976234
4109,4.183492602474572
4110,4.189556384212444
4111,4.195501267088436
4112,4.201167067985121
4113,4.206362467186386
4114,4.210862797972281
4115,4.214408263626567
4116,4.216703090225268
4117,4.217416242915393
4118,4.216184417110427
4119,4.212618030049801
4120,4.206310842143411
4121,4.196853592933125
4122,4.183851620682778
4123,4.166945859216793
4124,4.145835933681717
4125,4.120303428876899
4126,4.090232941998763
4127,4.055628418677006
4128,4.016622610771638
4129,3.9734782781497264
4130,3.9265808451507125
4131,3.8764233782019746
4132,3.8235857143011316
4133,3.7687101449251657
4134,3.7124761713771166
4135,3.6555765480049303
4136,3.5986962593283254
4137,3.5424954042941104
4138,3.487596329743915
4139,3.434574857026052
4140,3.383955115338738
4141,3.336207324376696
4142,3.2917478240692266
4143,3.250940689796396
4144,3.2141003597875586
4145,3.1814948084198487
4146,3.153348905403606
4147,3.1298476953722765
4148,3.1111394103254577
4149,3.097338087957359
4150,3.0885257136368125
4151,3.0847538353460386
4152,3.0860446221755558
4153,3.092391350972292
4154,3.1037583151600083
4155,3.1200801571825476
4156,3.141260633888188
4157,3.167170834982262
4158,3.197646891007125
4159,3.2324872319981894
4160,3.2714494939389622
4161,3.314247220305968
4162,3.360546572628653
4163,3.409963347939445
4164,3.4620607001650416
4165,3.5163480700965417
4166,3.5722819307122493
4167,3.629269028564412
4168,3.686672815342005
4169,3.7438236771833737
4170,3.8000333435242353
4171,3.8546134663227702
4172,3.906897809759026
4173,3.9562668343241856
4174,4.002172808985281
4175,4.044163097314554
4176,4.08189910172221
4177,4.115168627863193
4178,4.143890157263557
4179,4.168108568750816
4180,4.187983002418157
4181,4.203768554053913
4182,4.215794116180221
4183,4.224438852011963
4184,4.230109537162021
4185,4.23322046176005
4186,4.234176920166018
4187,4.233362676113404
4188,4.231131277309755
4189,4.227800747855803
4190,4.223651006242936
4191,4.218923310774726
4192,4.2138210824770255
4193,4.208511559087492
4194,4.203127861473764
4195,4.197771184148444
4196,4.192512941131014
4197,4.187396800316391
4198,4.182440620935404
4199,4.177638369184321
4200,4.172962127185266
4201,4.168364330890842
4202,4.163780373933452
4203,4.159131697201222
4204,4.154329448662628
4205,4.149278745976467
4206,4.143883508331906
4207,4.138051748395727
4208,4.13170113706521
4209,4.124764581965874
4210,4.11719550553504
4211,4.108972480109655
4212,4.100102883375607
4213,4.090625281266907
4214,4.0806103245905625
4215,4.07016005197902
4216,4.059405611995336
4217,4.0485035356094325
4218,4.037630791629186
4219,4.026978930282559
4220,4.016747657735481
4221,4.0071381867048075
4222,3.9983466806369727
4223,3.990558059893478
4224,3.9839403782069427
4225,3.9786399159799313
4226,3.9747770815116272
4227,3.9724431669576643
4228,3.9716979750196724
4229,3.9725683147889095
4230,3.9750473587431228
4231,3.9790948541735505
4232,3.984638187145419
4233,3.9915743009692974
4234,3.9997724697537023
4235,4.009077917092478
4236,4.019316247555647
4237,4.030298623158477
4238,4.041827569288511
4239,4.053703238077514
4240,4.065729898008854
4241,4.077722364986388
4242,4.089512051781434
4243,4.100952298959696
4244,4.111922667971228
4245,4.1223319286940345
4246,4.132119556475014
4247,4.141255659094949
4248,4.149739369156425
4249,4.157595847165819
4250,4.164872130892912
4251,4.171632126842615
4252,4.177951064542685
4253,4.183909724337229
4254,4.189588709959689
4255,4.195062977240031
4256,4.200396760185258
4257,4.205638965420982
4258,4.210819044145444
4259,4.215943303904933
4260,4.220991595183712
4261,4.225914302918467
4262,4.230629592215323
4263,4.235020901445395
4264,4.23893474411065
4265,4.242178971429387
4266,4.2445217557717445
4267,4.245691671907354
4268,4.24537936337197
4269,4.243241362386709
4270,4.238906653124585
4271,4.23198649403227
4272,4.222087811377303
4273,4.208830122770064
4274,4.191865454656082
4275,4.1709001337302585
4276,4.145716759994211
4277,4.116194247044127
4278,4.082323685062051
4279,4.0442180404799695
4280,4.002114358389551
4281,3.9563680728800126
4282,3.907440060516191
4283,3.8558779674369137
4284,3.802293918891698
4285,3.7473408964995163
4286,3.69168986875819
4287,3.6360092935453627
4288,3.580948021775649
4289,3.527122051256156
4290,3.4751051003259064
4291,3.425422634303939
4292,3.378548785716163
4293,3.334905537736497
4294,3.2948635548970113
4295,3.258744111764586
4296,3.226821661206923
4297,3.19932667940194
4298,3.1764485129934927
4299,3.1583380287447334
4300,3.145109925949247
4301,3.1368446173972777
4302,3.133589618011434
4303,3.1353604039645186
4304,3.142140722054049
4305,3.153882342048629
4306,3.1705042564063333
4307,3.191891344798029
4308,3.2178925380225216
4309,3.24831853991261
4310,3.282939199618549
4311,3.3214806728656625
4312,3.3636225716156973
4313,3.408995377737926
4314,3.4571784861089214
4315,3.5076993399734815
4316,3.5600342143982413
4317,3.61361127228792
4318,3.6678165334899933
4319,3.7220033261700123
4320,3.7755055957016883
4321,3.8276551050649603
4322,3.877802073500059
4323,3.925338209747687
4324,3.9697204955913437
4325,4.010493599714002
4326,4.047308598590427
4327,4.079935861895023
4328,4.108270550729605
4329,4.13233009060418
4330,4.152244030919711
4331,4.16823765807252
4332,4.180611390601524
4333,4.189718244535609
4334,4.195941521971928
4335,4.199674445732806
4336,4.2013028828858365
4337,4.201191710447415
4338,4.199674879550269
4339,4.197048881242292
4340,4.193569115144655
4341,4.189448589453429
4342,4.184858401770858
4343,4.179929528142052
4344,4.174755551031258
4345,4.169396062511348
4346,4.16388057130163
4347,4.158212812719742
4348,4.152375405214726
4349,4.1463348155773865
4350,4.140046589370339
4351,4.13346077787823
4352,4.126527453961763
4353,4.119202164148925
4354,4.111451121591932
4355,4.103255912856845
4356,4.094617478566489
4357,4.085559139131843
4358,4.076128474121453
4359,4.066397925082648
4360,4.056464070582608
4361,4.046445609575803
4362,4.036480174137799
4363,4.02672016497621
4364,4.017327855139456
4365,4.008470034892396
4366,4.00031247366097
4367,3.99301445668379
4368,3.986723620315344
4369,3.981571267657901
4370,3.9776683018826016
4371,3.975101873564143
4372,3.9739328040657043
4373,3.9741938210396905
4374,3.9758886241778693
4375,3.9789917877939227
4376,3.9834494989531466
4377,3.989181122513701
4378,3.9960815743441356
4379,4.00402446833052
4380,4.0128659796024815
4381,4.022449335069279
4382,4.032609803867799
4383,4.043180017613778
4384,4.053995408110651
4385,4.064899514520412
4386,4.075748889534198
4387,4.086417330778284
4388,4.0967991835164685
4389,4.106811504534115
4390,4.116394941986634
4391,4.125513265455442
4392,4.134151565298638
4393,4.142313220481695
4394,4.150015800217232
4395,4.157286110444427
4396,4.164154618745999
4397,4.170649492204428
4398,4.176790467029465
4399,4.182582744234902
4400,4.188011081092406
4401,4.193034232333248
4402,4.197579895555266
4403,4.201540337151164
4404,4.204768920091317
4405,4.20707782049735
4406,4.208237297932198
4407,4.2079769596822105
4408,4.205989509339796
4409,4.201937465033308
4410,4.195463239216598
4411,4.18620275990146
4412,4.173802467109913
4413,4.15793905125987
4414,4.138340765782742
4415,4.1148086414295
4416,4.087235581137766
4417,4.055621246240228
4418,4.020080934904333
4419,3.9808472942853514
4420,3.938264592189769
4421,3.8927762200570184
4422,3.8449069047285
4423,3.7952416137431584
4424,3.744403278714091
4425,3.6930312625225397
4426,3.6417620597617635
4427,3.591213176266443
4428,3.5419706009649934
4429,3.494579842938641
4430,3.4495401961750782
4431,3.4073017155604606
4432,3.368264318862859
4433,3.3327784399798244
4434,3.3011467178120846
4435,3.2736262874956576
4436,3.2504313283513464
4437,3.2317356046577586
4438,3.217674805549386
4439,3.2083485471595363
4440,3.2038219441377414
4441,3.204126690782451
4442,3.2092616167674892
4443,3.219192701569313
4444,3.233852548013264
4445,3.2531393316407557
4446,3.2769152616256707
4447,3.305004613530695
4448,3.3371914270249694
4449,3.373217005300217
4450,3.4127774091877683
4451,3.4555212084503126
4452,3.5010478335470685
4453,3.54890695771298
4454,3.5985994203678677
4455,3.649580260823172
4456,3.701264440930807
4457,3.753035766354652
4458,3.804259338088687
4459,3.854297557779862
4460,3.90252927395327
4461,3.948371128838566
4462,3.991299627551135
4463,4.030872019884731
4464,4.0667438886122325
4465,4.098681477075037
4466,4.126567291675935
4467,4.150398313808972
4468,4.170277094833752
4469,4.186396887246424
4470,4.199022604760339
4471,4.208469697125548
4472,4.215082963357505
4473,4.219216985426518
4474,4.2212193655209065
4475,4.221417418818308
4476,4.220108506215681
4477,4.217553840991983
4478,4.213975383135767
4479,4.209555330032333
4480,4.204437692856995
4481,4.198731481786134
4482,4.192515081537415
4483,4.185841460799901
4484,4.178743911913929
4485,4.171242055043464
4486,4.163347864043093
4487,4.1550714832312785
4488,4.146426611592367
4489,4.137435240511328
4490,4.128131549218327
4491,4.118564792957979
4492,4.108801063971118
4493,4.098923863044031
4494,4.089033485182463
4495,4.0792452904989736
4496,4.069686993587305
4497,4.0604951551043085
4498,4.0518110934565215
4499,4.043776450375428
4500,4.036528642400827
4501,4.0301964136978246
4502,4.024895678481385
4503,4.0207258083484305
4504,4.017766485441789
4505,4.016075210003822
4506,4.015685522653815
4507,4.0166059783498635
4508,4.018819889986144
4509,4.022285843459296
4510,4.026938970822653
4511,4.032692951651272
4512,4.039442693098682
4513,4.047067615105739
4514,4.055435438653215
4515,4.064406342888462
4516,4.073837323844564
4517,4.083586556922182
4518,4.093517541763371
4519,4.103502796163041
4520,4.11342686910539
4521,4.123188464180203
4522,4.132701503625006
4523,4.141895017680247
4524,4.150711809258518
4525,4.159105914147557
4526,4.167038945879211
4527,4.174475476860307
4528,4.181377660322361
4529,4.187699340774955
4530,4.193379936206418
4531,4.198338407445331
4532,4.2024676635618174
4533,4.2056297904331945
4534,4.207652532799206
4535,4.208327503205237
4536,4.2074106221114675
4537,4.204625292516475
4538,4.199668753685721
4539,4.192221913793132
4540,4.181962707844176
4541,4.1685826593407445
4542,4.151805864921603
4543,4.13140913127077
4544,4.107241569119927
4545,4.0792417048138825
4546,4.047450206339321
4547,4.012016686120123
4548,3.973199704086778
4549,3.931359934272509
4550,3.8869473045135225
4551,3.8404835974420006
4552,3.7925423884721985
4553,3.743728252568839
4554,3.694656938824032
4555,3.645937788747943
4556,3.598159176534395
4557,3.5518772773513465
4558,3.507608088170488
4559,3.465822362416613
4560,3.426942972276117
4561,3.3913441602858247
4562,3.3593521571451843
4563,3.3312466988310443
4564,3.307263051287379
4565,3.2875942299578904
4566,3.272393174808681
4567,3.2617747046457226
4568,3.2558171260496844
4569,3.254563412907104
4570,3.258021904157401
4571,3.2661664925507115
4572,3.278936298611773
4573,3.2962348445152205
4574,3.317928764973267
4575,3.3438461193629974
4576,3.3737744037625768
4577,3.4074584056531485
4578,3.444598099192621
4579,3.4848468452234598
4580,3.5278102349739844
4581,3.57304599353258
4582,3.6200654271514203
4583,3.668336939818894
4584,3.7172921358083735
4585,3.7663349390162595
4586,3.814853971531567
4587,3.8622381287445107
4588,3.9078948744556854
4589,3.951270298079184
4590,3.9918695052810578
4591,4.029275559899392
4592,4.063165069419069
4593,4.093318687603057
4594,4.119625308152614
4595,4.142079470166818
4596,4.160772345042853
4597,4.175877449476705
4598,4.187632777442137
4599,4.196321279901982
4600,4.202251543389085
4601,4.205740197314134
4602,4.207097122199462
4603,4.206614045131948
4604,4.204556677014556
4605,4.201160214630557
4606,4.1966278111393125
4607,4.191131499722185
4608,4.184815013132139
4609,4.177797951167297
4610,4.170180786761297
4611,4.162050254138362
4612,4.153484720538115
4613,4.1445592027777245
4614,4.135349750978764
4615,4.125936985003625
4616,4.116408635087385
4617,4.106861006164817
4618,4.097399353289606
4619,4.0881372198941905
4620,4.079194847434368
4621,4.07069681048223
4622,4.062769062895377
4623,4.055535597184584
4624,4.049114921203831
4625,4.0436165458603694
4626,4.039137657747985
4627,4.03576012489945
4628,4.033547955501559
4629,4.032545301040644
4630,4.032775068656632
4631,4.034238183195323
4632,4.036913517388565
4633,4.040758487916709
4634,4.0457102946144206
4635,4.051687758543577
4636,4.0585936911836615
4637,4.066317701321513
4638,4.0747393189742995
4639,4.08373128844125
4640,4.093162857881147
4641,4.102902873876275
4642,4.112822479779687
4643,4.12279721949104
4644,4.132708366067481
4645,4.142443328321815
4646,4.151895037777554
4647,4.160960281004124
4648,4.169537015264929
4649,4.177520784869004
4650,4.184800438006006
4651,4.191253426086125
4652,4.196741047107563
4653,4.201104068649267
4654,4.204159230701379
4655,4.205697176782691
4656,4.205482382293416
4657,4.203255625394688
4658,4.19873945744737
4659,4.191646956604888
4660,4.18169377581264
4661,4.1686131280579195
4662,4.152172916306714
4663,4.132193773942862
4664,4.108566421916688
4665,4.08126656961233
4666,4.050365667337375
4667,4.0160361886790215
4668,3.9785507388960406
4669,3.9382750402025404
4670,3.895655584873724
4671,3.8512033256545397
4672,3.8054750907495296
4673,3.7590544401123904
4674,3.712533462288202
4675,3.6664966331708877
4676,3.6215074191079735
4677,3.5780978916724497
4678,3.5367612855050776
4679,3.4979471973912273
4680,3.4620589923219693
4681,3.429452933275223
4682,3.400438562319315
4683,3.375279908287398
4684,3.354197161840212
4685,3.3373685286748747
4686,3.3249320376026903
4687,3.316987137896854
4688,3.3135959684360508
4689,3.3147842203115956
4690,3.320541546524372
4691,3.3308214995003413
4692,3.3455410021024843
4693,3.3645793833210282
4694,3.3877770386369686
4695,3.414933809658112
4696,3.445807220157124
4697,3.480110757314756
4698,3.5175124476237802
4699,3.5576340439602094
4700,3.6000512078597016
4701,3.644295128549215
4702,3.689856052143411
4703,3.7361891800620506
4704,3.7827233120195327
4705,3.828872434935608
4706,3.874050183950828
4707,3.9176867341272152
4708,3.9592472583095093
4709,3.9982506759348593
4710,4.034287110599638
4711,4.067032365093467
4712,4.096257878706267
4713,4.121835064238387
4714,4.1437335716999995
4715,4.162013770807689
4716,4.1768144349575245
4717,4.188337111302654
4718,4.196828894966713
4719,4.202565281257384
4720,4.205834501253213
4721,4.206924342640354
4722,4.206112013796541
4723,4.203657201215432
4724,4.199798145251058
4725,4.194750334507721
4726,4.1887072908298695
4727,4.181842868338732
4728,4.174314500757782
4729,4.166266882094539
4730,4.157835640995487
4731,4.1491506572964
4732,4.140338762276178
4733,4.131525656026184
4734,4.122836961609635
4735,4.1143984126498365
4736,4.1063352356621845
4737,4.098770838766597
4738,4.0918249533202715
4739,4.085611394696484
4740,4.080235614183407
4741,4.075792208069452
4742,4.072362535167653
4743,4.0700125732732175
4744,4.068791120953771
4745,4.068728425783665
4746,4.069835294985683
4747,4.072102720140383
4748,4.075502024161798
4749,4.079985515812441
4750,4.085487614094456
4751,4.091926381606915
4752,4.099205382410489
4753,4.107215756814132
4754,4.115838384147183
4755,4.1249459871775525
4756,4.134405021035186
4757,4.144077188339142
4758,4.1538204335576605
4759,4.163489295865271
4760,4.172934542289509
4761,4.182002061977075
4762,4.190531076644712
4763,4.198351808938991
4764,4.205282845063288
4765,4.211128524496651
4766,4.215676779632086
4767,4.218697920883512
4768,4.219944904380743
4769,4.219155613084389
4770,4.216057609735219
4771,4.210375665086942
4772,4.201842118404913
4773,4.190209795299376
4774,4.175266818874711
4775,4.156852258014338
4776,4.134871237084734
4777,4.109307967256125
4778,4.080235217616274
4779,4.047819049352269
4780,4.012318155249686
4781,3.974077789364622
4782,3.933518912877764
4783,3.891123697637667
4784,3.8474188309381745
4785,3.8029581233047955
4786,3.758305763008962
4787,3.714021254405778
4788,3.6706467044740094
4789,3.628696757014286
4790,3.588651168256674
4791,3.5509497961644114
4792,3.515989641326961
4793,3.4841235180359402
4794,3.4556599312146243
4795,3.4308637686112897
4796,3.409957471240453
4797,3.3931224057541143
4798,3.3805002220520004
4799,3.372194033369814
4800,3.3682693026401265
4801,3.368754358196279
4802,3.3736404953413444
4803,3.382881649943491
4804,3.396393658561287
4805,3.414053149129077
4806,3.4356961394876233
4807,3.4611164601070636
4808,3.4900641637800076
4809,3.522244139105283
4810,3.5573152047428334
4811,3.5948900232865584
4812,3.6345362291848056
4813,3.675779201861766
4814,3.718106916184322
4815,3.760977247641062
4816,3.8038279796076564
4817,3.8460895417313705
4818,3.887200203119071
4819,3.926623075222472
4820,3.9638638976025935
4821,3.9984882593031994
4822,4.030136733718318
4823,4.0585364466774605
4824,4.083507887492226
4825,4.104966283824
4826,4.122917506830818
4827,4.137449127458075
4828,4.14871777918411
4829,4.156934302307304
4830,4.162348213113686
4831,4.165232881486412
4832,4.1658724800190905
4833,4.164551371652029
4834,4.1615462099049845
4835,4.157120692572416
4836,4.151522666020822
4837,4.144983129224072
4838,4.137716624459685
4839,4.1299225069533465
4840,4.121786638255907
4841,4.1134831289623195
4842,4.1051758500415865
4843,4.097019526849156
4844,4.089160317565108
4845,4.081735853052455
4846,4.074874775016391
4847,4.068695852895736
4848,4.063306787609242
4849,4.058802823740786
4850,4.055265293255401
4851,4.052760206041135
4852,4.051336988041266
4853,4.051027448815512
4854,4.051845038873727
4855,4.053784434430848
4856,4.056821464184961
4857,4.060913369891916
4858,4.065999370265079
4859,4.072001476552437
4860,4.07882548872603
4861,4.086362084724263
4862,4.094487903219087
4863,4.103066515068798
4864,4.111949182378912
4865,4.120975319477419
4866,4.129972599329014
4867,4.138756693485561
4868,4.14713069380318
4869,4.154884338266562
4870,4.161793247295408
4871,4.167618463854951
4872,4.172106670034118
4873,4.174991510384071
4874,4.175996470938894
4875,4.174839723696518
4876,4.171241232344105
4877,4.1649322159849795
4878,4.155666786723077
4879,4.14323523706736
4880,4.1274781000514364
4881,4.108299804478784
4882,4.085680573711863
4883,4.059685231568946
4884,4.030467812396726
4885,3.998271304116105
4886,3.963422411810067
4887,3.926321809289003
4888,3.887430835548438
4889,3.8472559066618963
4890,3.806332013186928
4891,3.7652065719163104
4892,3.724424651388692
4893,3.684516263976249
4894,3.6459860817526293
4895,3.6093056398715864
4896,3.57490786828232
4897,3.5431836480230707
4898,3.514480014837641
4899,3.4890996153559133
4900,3.467301042098901
4901,3.4492997173169453
4902,3.4352690496158944
4903,3.4253416429620422
4904,3.419610389832436
4905,3.4181293267668917
4906,3.420914170991652
4907,3.427942492195082
4908,3.4391535056513893
4909,3.454447503977656
4910,3.473684977098502
4911,3.4966855057248405
4912,3.523226554482208
4913,3.5530423377386557
4914,3.5858229836516897
4915,3.621214277560928
4916,3.658818319195902
4917,3.69819547046457
4918,3.7388679890359695
4919,3.7803257215796027
4920,3.822034151976156
4921,3.8634449494382914
4922,3.9040089329727565
4923,3.9431910711260545
4924,3.9804867995223376
4925,4.01543861585118
4926,4.047651671313147
4927,4.076806989090174
4928,4.102671054188496
4929,4.125100844635471
4930,4.144043869607545
4931,4.159533357919404
4932,4.1716792890545
4933,4.180656375198098
4934,4.186690319514079
4935,4.190043677375376
4936,4.191002465800794
4937,4.1898643659077965
4938,4.186929017083539
4939,4.182490573641157
4940,4.176832428234722
4941,4.170223821609436
4942,4.162917956410999
4943,4.155151202110325
4944,4.147143000723233
4945,4.139096139986478
4946,4.1311971350876355
4947,4.123616538677417
4948,4.1165090723175375
4949,4.110013534980426
4950,4.104252492830363
4951,4.099331788671345
4952,4.0953399299766335
4953,4.092347423153407
4954,4.09040612083993
4955,4.0895486409537005
4956,4.089787903051876
4957,4.091116811309967
4958,4.09350809569586
4959,4.096914305224304
4960,4.1012679308485
4961,4.106481622031151
4962,4.112448451841826
4963,4.1190421823423184
4964,4.126117486920396
4965,4.133510101102609
4966,4.141036899874825
4967,4.148495938731228
4968,4.155666547297492
4969,4.162309626308427
4970,4.168168366078612
4971,4.172969669212239
4972,4.176426610202121
4973,4.17824228447356
4974,4.178115372007177
4975,4.175747649628951
4976,4.170853520682615
4977,4.163171391988701
4978,4.152476433908404
4979,4.138593948660245
4980,4.1214123017033835
4981,4.1008942064849885
4982,4.077085151525778
4983,4.050117950593256
4984,4.020212769130725
4985,3.9876724752855774
4986,3.9528736907977713
4987,3.916254375958808
4988,3.878299093220283
4989,3.8395232146532354
4990,3.800457273870676
4991,3.7616324549507847
4992,3.7235679208659653
4993,3.6867603743058535
4994,3.6516759639865084
4995,3.6187444294254845
4996,3.5883552275872086
4997,3.560855302021995
4998,3.536548126967744
4999,3.5156936699388948
5000,3.4985089519016053
5001,3.485168932120416
5002,3.4758074965685433
5003,3.4705183789859473
5004,3.469355889608282
5005,3.472335367528925
5006,3.4794333093201657
5007,3.490587160392115
5008,3.5056947886256786
5009,3.5246136941111086
5010,3.5471600463262214
5011,3.573107682161811
5012,3.6021872453923915
5013,3.6340856994660005
5014,3.6684464977857245
5015,3.704870742979737
5016,3.742919699735528
5017,3.782119031805267
5018,3.821965097547336
5019,3.861933544371004
5020,3.9014902792567385
5021,3.940104658220246
5022,3.977264445996991
5023,4.0124917819592545
5024,4.045359102318016
5025,4.075503776425952
5026,4.1026401771681185
5027,4.126568059372265
5028,4.1471764631991075
5029,4.164442842368734
5030,4.178427653090818
5031,4.189265127036988
5032,4.19715130254483
5033,4.202330551218133
5034,4.205081807568329
5035,4.205705523678232
5036,4.204512089823222
5037,4.201812151051697
5038,4.197908963299706
5039,4.193092705629406
5040,4.187636512100444
5041,4.181793905647728
5042,4.175797294832999
5043,4.1698572156844875
5044,4.164162048154377
5045,4.158877995672958
5046,4.154149176137468
5047,4.150097726442376
5048,4.1468238664932935
5049,4.1444059011798755
5050,4.142900160316071
5051,4.1423408884860295
5052,4.142740101003518
5053,4.144087421032358
5054,4.146349908583521
5055,4.149471886870482
5056,4.153374767546422
5057,4.157956875827629
5058,4.163093281471378
5059,4.1686356539479
5060,4.174412181451628
5061,4.1802276245372685
5062,4.185863615850103
5063,4.191079365652849
5064,4.195612984148305
5065,4.199183678474868
5066,4.201495113830328
5067,4.202240230669692
5068,4.201107768004626
5069,4.1977906427212215
5070,4.191996168644082
5071,4.18345787034928
5072,4.171948375221517
5073,4.157292591137312
5074,4.139380149727209
5075,4.118175975007046
5076,4.093727872426019
5077,4.0661702448793635
5078,4.035723411535253
5079,4.002688474260744
5080,3.9674381599337947
5081,3.9304044758678014
5082,3.8920642809473667
5083,3.8529239648101523
5084,3.8135043501133725
5085,3.7743267292357956
5086,3.7359006732994398
5087,3.6987139642418607
5088,3.6632247434599847
5089,3.6298557692729316
5090,3.598990539087403
5091,3.5709709568972383
5092,3.546096201352107
5093,3.524622460142742
5094,3.5067632295319577
5095,3.4926899226271697
5096,3.4825325786273904
5097,3.476380512939281
5098,3.474282792335046
5099,3.476248459660276
5100,3.482246469678795
5101,3.492205332940682
5102,3.50601249992251
5103,3.5235135550157413
5104,3.544511330820816
5105,3.568765098556727
5106,3.595990039930922
5107,3.6258572574649426
5108,3.657994629478411
5109,3.6919888550739217
5110,3.727389052522822
5111,3.763712257501127
5112,3.800451100436864
5113,3.8370838115631782
5114,3.873086501721879
5115,3.9079474028604673
5116,3.941182448636336
5117,3.9723512763055258
5118,4.001072495091751
5119,4.027036956021578
5120,4.050017822228938
5121,4.069876493200372
5122,4.086563853889397
5123,4.100116830735791
5124,4.110650746547582
5125,4.118348380642997
5126,4.123446891610275
5127,4.126223821822402
5128,4.126983293201283
5129,4.126043272098464
5130,4.123724490239209
5131,4.1203413169459235
5132,4.116194628019695
5133,4.111566531615602
5134,4.1067166962145265
5135,4.1018799727891295
5136,4.097264998195592
5137,4.093053493683621
5138,4.089400016701431
5139,4.086431974570291
5140,4.084249757382508
5141,4.082926890212115
5142,4.08251013960527
5143,4.083019536460085
5144,4.084448298181452
5145,4.086762649562522
5146,4.0899015567133565
5147,4.093776404164041
5148,4.098270664462126
5149,4.1032396342175765
5150,4.108510341875302
5151,4.113881770580987
5152,4.1191255825876665
5153,4.123987575576493
5154,4.1281901388513855
5155,4.131435998226473
5156,4.133413529317326
5157,4.133803865405864
5158,4.132289915298574
5159,4.128567232125344
5160,4.1223564408303925
5161,4.113416661451531
5162,4.101559096298589
5163,4.086659735194335
5164,4.06867003119405
5165,4.047624454983468
5166,4.023644066344309
5167,3.996935623321876
5168,3.967786223076603
5169,3.93655394720633
5170,3.9036553811846764
5171,3.869551126957764
5172,3.8347305015695987
5173,3.799696524815061
5174,3.7649520877327087
5175,3.7309879179950447
5176,3.698272672948842
5177,3.6672452381973875
5178,3.6383091135981513
5179,3.611828637137336
5180,3.588126725872342
5181,3.567483790522039
5182,3.550137492512431
5183,3.53628304627713
5184,3.526073814837093
5185,3.5196219956248
5186,3.516999241602695
5187,3.5182371077174106
5188,3.52332725421138
5189,3.532221377010804
5190,3.544830872808383
5191,3.5610262842948033
5192,3.580636610975921
5193,3.60344861435604
5194,3.629206293335229
5195,3.6576107553400736
5196,3.688320757851234
5197,3.7209542377540115
5198,3.755091173403058
5199,3.790278124452988
5200,3.826034753339225
5201,3.861862536005649
5202,3.897255708481758
5203,3.9317142699421024
5204,3.9647585863909236
5205,3.9959448446717256
5206,4.0248803437978395
5207,4.051237438827693
5208,4.074764926276352
5209,4.095295811870304
5210,4.112750727021339
5211,4.1271367134845915
5212,4.138541596602179
5213,4.147124623759249
5214,4.153104376123515
5215,4.156745121524528
5216,4.1583427594172315
5217,4.158211347163704
5218,4.15667094448239
5219,4.154037228776773
5220,4.150613067597779
5221,4.146682018094353
5222,4.142503571101606
5223,4.138309868961573
5224,4.134303591314772
5225,4.130656707953269
5226,4.127509828197274
5227,4.1249719202669075
5228,4.123120223063687
5229,4.122000221321114
5230,4.121625600656828
5231,4.121978141296469
5232,4.123007549120322
5233,4.124631261985005
5234,4.126734309789906
5235,4.129169349818408
5236,4.131757044560843
5237,4.1342869957816415
5238,4.136519491673903
5239,4.138188356180079
5240,4.139005200329509
5241,4.138665351675069
5242,4.136855665831427
5243,4.133264292736778
5244,4.12759227601262
5245,4.119566615908164
5246,4.10895415079466
5247,4.095575352353904
5248,4.079316940702015
5249,4.060142162959824
5250,4.038097681135368
5251,4.013316289668287
5252,3.986015096539526
5253,3.956489285513432
5254,3.9251020426864716
5255,3.8922715946145026
5256,3.858456511216175
5257,3.824140456927757
5258,3.7898174490449126
5259,3.7559784502941596
5260,3.7230998408477807
5261,3.691634035533744
5262,3.662002272467724
5263,3.6345894196541333
5264,3.6097405305073766
5265,3.58775882114132
5266,3.5689047293355793
5267,3.553395733598173
5268,3.541406648266443
5269,3.5330701574549823
5270,3.528477400193898
5271,3.527678467465321
5272,3.530682717353711
5273,3.5374588571588235
5274,3.5479347820241003
5275,3.5619971999665543
5276,3.579491114745928
5277,3.600219282135349
5278,3.6239418023544845
5279,3.650376060975081
5280,3.6791972797827417
5281,3.7100399827037025
5282,3.7425007117265805
5283,3.776142332574128
5284,3.810500236203126
5285,3.845090656439018
5286,3.8794211758985226
5287,3.913003279895267
5288,3.9453665528169
5289,3.976073822505133
5290,4.00473629160064
5291,4.031027507791937
5292,4.054694972661618
5293,4.0755683079779175
5294,4.093563191458429
5295,4.1086807029802355
5296,4.1210022135712
5297,4.130680413218174
5298,4.137927427225972
5299,4.1430011616131335
5300,4.146191033143256
5301,4.147804104198873
5302,4.148152406813788
5303,4.147541961714473
5304,4.146263728234996
5305,4.144586494902419
5306,4.142751555936409
5307,4.140968918304916
5308,4.139414739611111
5309,4.1382296963306935
5310,4.137518011345968
5311,4.13734691770607
5312,4.137746393393633
5313,4.138709063991821
5314,4.140190233451082
5315,4.14210806628935
5316,4.144344006847789
5317,4.146743581693674
5318,4.1491177876259755
5319,4.151245315575163
5320,4.152875892805262
5321,4.153735032241031
5322,4.153530446424602
5323,4.151960302541027
5324,4.148723355499132
5325,4.14353079758659
5326,4.136119417847496
5327,4.126265400225797
5328,4.113797850285946
5329,4.098610978889674
5330,4.080673837691695
5331,4.060036627711878
5332,4.0368328887249465
5333,4.011277286428802
5334,3.9836591773015564
5335,3.9543325642032263
5336,3.92370338339544
5337,3.892215237437266
5338,3.8603346971359773
5339,3.8285371629417657
5340,3.7972940483164606
5341,3.7670617785995257
5342,3.7382728365099314
5343,3.7113288632283217
5344,3.6865956590656523
5345,3.6643998229792714
5346,3.645026718852206
5347,3.6287194468529242
5348,3.615678517546727
5349,3.606061963372762
5350,3.599985667792983
5351,3.5975237409179677
5352,3.59870881828595
5353,3.6035322053637024
5354,3.611943834285916
5355,3.623852042318771
5356,3.639123224805964
5357,3.6575814601604133
5358,3.679008251386782
5359,3.7031425771720863
5360,3.729681493513691
5361,3.758281569673922
5362,3.7885614726612773
5363,3.820106022369498
5364,3.852472012636808
5365,3.8851960191033457
5366,3.917804282734522
5367,3.949824565219107
5368,3.9807996279760234
5369,4.01030171481834
5370,4.037947160220555
5371,4.063410052881416
5372,4.086433810601249
5373,4.106839605581431
5374,4.124530827915732
5375,4.139493160631347
5376,4.151790299030131
5377,4.16155579769018
5378,4.168981890214596
5379,4.174306343228185
5380,4.17779845691072
5381,4.179745225768276
5382,4.180438468005483
5383,4.180163473535969
5384,4.179189459741649
5385,4.177761898047603
5386,4.176096604282854
5387,4.174375377800573
5388,4.172742923870144
5389,4.171304790521979
5390,4.170126082615579
5391,4.1692307710735665
5392,4.168601484744567
5393,4.168179749218833
5394,4.167866715704702
5395,4.167524498919411
5396,4.16697831039508
5397,4.166019625600954
5398,4.164410650627578
5399,4.161890345725092
5400,4.15818220699711
5401,4.153003894451255
5402,4.14607862102316
5403,4.137147990670861
5404,4.125985716503209
5405,4.112411400276506
5406,4.096303362349238
5407,4.077609428151409
5408,4.056354642839686
5409,4.03264511262197
5410,4.006667535899193
5411,3.978684432183039
5412,3.9490255227202367
5413,3.9180760844591105
5414,3.88626332952921
5415,3.854041930947572
5416,3.821879733066781
5417,3.790244491035942
5418,3.759592228959174
5419,3.7303575417545005
5420,3.702945929637166
5421,3.677728069509006
5422,3.6550358021440728
5423,3.6351595444449543
5424,3.6183468122428466
5425,3.604801548753937
5426,3.5946839851291688
5427,3.5881108029211966
5428,3.585155416930447
5429,3.5858482465594452
5430,3.590176892518876
5431,3.5980861830367368
5432,3.6094781002118914
5433,3.62421164376346
5434,3.642102737016089
5435,3.662924328639914
5436,3.6864068923320272
5437,3.7122395722650157
5438,3.7400722593807387
5439,3.769518904376489
5440,3.80016236698199
5441,3.8315610558367577
5442,3.863257517745802
5443,3.894788982358517
5444,3.9256996601723815
5445,3.95555434301625
5446,3.9839525971268777
5447,4.010542613821286
5448,4.035033642701334
5449,4.057205923023564
5450,4.0769171760271075
5451,4.094105018485764
5452,4.108785063923214
5453,4.121044923447497
5454,4.131034723322746
5455,4.138955052434128
5456,4.145043399056769
5457,4.14956012771102
5458,4.152774909897758
5459,4.154954303400024
5460,4.156350924895526
5461,4.157194424118319
5462,4.157684275023953
5463,4.157984265297831
5464,4.158218492083964
5465,4.158468652325268
5466,4.158772439398395
5467,4.159122911318214
5468,4.159468767619438
5469,4.159715551056376
5470,4.159727866078368
5471,4.159332768219182
5472,4.15832451603563
5473,4.15647087847575
5474,4.1535211444692495
5475,4.149215879915662
5476,4.143298318244719
5477,4.1355270628816125
5478,4.125689545317973
5479,4.113615457102937
5480,4.099189203888018
5481,4.082360361444594
5482,4.0631511820359965
5483,4.041660414611327
5484,4.018063041623079
5485,3.992605945938561
5486,3.965599931791399
5487,3.937408862378053
5488,3.908436890417864
5489,3.8791148240668645
5490,3.84988659864852
5491,3.821196649138873
5492,3.793478745732166
5493,3.767146610779089
5494,3.7425864156556052
5495,3.7201510822863773
5496,3.700156194171235
5497,3.6828772534592984
5498,3.668547995369927
5499,3.6573594780482863
5500,3.6494596941137116
5501,3.6449534908242986
5502,3.6439026325785866
5503,3.6463258883522562
5504,3.652199075643797
5505,3.6614550409442734
5506,3.6739836049352026
5507,3.6896315489893596
5508,3.708202768273404
5509,3.7294587649775655
5510,3.75311970063271
5511,3.7788662646827444
5512,3.8063426407047545
5513,3.835160852731143
5514,3.8649067413434555
5515,3.8951477419730907
5516,3.9254425086983145
5517,3.9553522451559373
5518,3.984453380392897
5519,4.012350985637648
5520,4.038692105619489
5521,4.063178021141855
5522,4.085574412648004
5523,4.105718487580344
5524,4.123522371246518
5525,4.1389724132945345
5526,4.152124473021091
5527,4.163095644762112
5528,4.172053201410612
5529,4.179201722625655
5530,4.184769418616811
5531,4.18899457561228
5532,4.192112872698002
5533,4.194346098572641
5534,4.1958925750814595
5535,4.196919405416764
5536,4.197556527682483
5537,4.197892474931683
5538,4.197971716500235
5539,4.197793471831739
5540,4.197311933104063
5541,4.196437891720415
5542,4.19504182080643
5543,4.192958506274899
5544,4.1899933285691855
5545,4.185930263570989
5546,4.180541585896606
5547,4.1735991192696265
5548,4.164886695211065
5549,4.154213273782343
5550,4.14142598177154
5551,4.126422176245038
5552,4.109159586601038
5553,4.089663656792264
5554,4.068031409542754
5555,4.044431465840045
5556,4.0191002284032775
5557,3.9923346134606508
5558,3.9644820269610497
5559,3.935928481322359
5560,3.9070858156707122
5561,3.878378923647519
5562,3.8502337380044467
5563,3.8230665115904876
5564,3.797274711177477
5565,3.773229636829018
5566,3.7512707158320193
5567,3.731701305070305
5568,3.714785768003427
5569,3.7007475651108677
5570,3.6897681001585436
5571,3.6819860893535026
5572,3.6774972582124064
5573,3.676354215775634
5574,3.6785664037203616
5575,3.6841000668596693
5576,3.6928782405643696
5577,3.7047807996285207
5578,3.7196446618482715
5579,3.7372642874309325
5580,3.7573926604487218
5581,3.7797429774273934
5582,3.8039912952379313
5583,3.829780398091087
5584,3.8567251222996415
5585,3.8844193179840696
5586,3.9124445214101273
5587,3.940380257774439
5588,3.9678156983782062
5589,3.9943621763784183
5590,4.01966585212904
5591,4.043419652287621
5592,4.06537352789751
5593,4.085342118089531
5594,4.103209080102058
5595,4.1189276376187305
5596,4.132517265138204
5597,4.1440568050088915
5598,4.153674641591463
5599,4.161536782923974
5600,4.167833798604502
5601,4.172767536423173
5602,4.176538416271695
5603,4.17933391807627
5604,4.181318682697934
5605,4.182626465385823
5606,4.183354042603612
5607,4.183557083922809
5608,4.183247958921433
5609,4.182395444278254
5610,4.1809263131226935
5611,4.178728809540719
5612,4.1756580181049525
5613,4.171543115472086
5614,4.166196426632986
5615,4.159424097326286
5616,4.151038041021394
5617,4.140868640088026
5618,4.12877750440311
5619,4.114669453460603
5620,4.09850282836673
5621,4.080297287990086
5622,4.060138410599294
5623,4.038178695117181
5624,4.0146348962008265
5625,3.9897819792617577
5626,3.9639442864338092
5627,3.9374847150508776
5628,3.9107928014032796
5629,3.884272575294824
5630,3.8583309279614304
5631,3.833367052817624
5632,3.809763313356412
5633,3.7878776976790416
5634,3.7680378565415023
5635,3.7505366022567563
5636,3.735628670665364
5637,3.723528512763272
5638,3.714408878342519
5639,3.708399972401308
5640,3.705588998287946
5641,3.7060199434865213
5642,3.709693510426458
5643,3.7165671431612752
5644,3.726555149821754
5645,3.739528969635783
5646,3.755317681224698
5647,3.7737088944600394
5648,3.7944502088401535
5649,3.817251452988256
5650,3.8417879364994882
5651,3.867704939381092
5652,3.8946236272880626
5653,3.9221485050151452
5654,3.949876401829089
5655,3.977406822078965
5656,4.0043533041147565
5657,4.0303552317185245
5658,4.055089366630552
5659,4.078280255226333
5660,4.099708640975015
5661,4.119217108303137
5662,4.1367123929188185
5663,4.1521640937193265
5664,4.16559986604856
5665,4.177097508619497
5666,4.186774623731328
5667,4.194776695967919
5668,4.201264485784231
5669,4.206401582640466
5670,4.210342836338723
5671,4.213224221261244
5672,4.21515452054049
5673,4.216209071248277
5674,4.216425700915793
5675,4.2158029117475975
5676,4.214300323843321
5677,4.211841358434297
5678,4.2083181096699525
5679,4.2035983027678725
5680,4.197534155477772
5681,4.189972844394306
5682,4.180768133374068
5683,4.169792565283152
5684,4.156949477902923
5685,4.142184013395737
5686,4.125492280080009
5687,4.1069279164876455
5688,4.086605503035933
5689,4.064700545680098
5690,4.041446078033859
5691,4.0171262419418685
5692,3.992067461293811
5693,3.966627983722477
5694,3.941186614863945
5695,3.9161314174738604
5696,3.891849017475961
5697,3.8687149841605146
5698,3.8470855654284897
5699,3.827290887854081
5700,3.809629592556705
5701,3.7943647788994204
5702,3.7817210687073173
5703,3.7718825788809482
5704,3.7649915926079123
5705,3.761147741169295
5706,3.7604075429678234
5707,3.7627841887019136
5708,3.7682475080330047
5709,3.7767241012847705
5710,3.788097668155146
5711,3.802209612724781
5712,3.8188600485121187
5713,3.8378093662714314
5714,3.8587805567105944
5715,3.881462494780766
5716,3.905514384873643
5717,3.930571529746533
5718,3.9562525138718314
5719,3.982167780818569
5720,4.0079294366865925
5721,4.0331619381478
5722,4.057513144433882
5723,4.080665056130121
5724,4.102343462650933
5725,4.122325704654853
5726,4.140445845902452
5727,4.156596740965881
5728,4.170728758868359
5729,4.182845237724738
5730,4.192995051862426
5731,4.201262923576497
5732,4.207758273491357
5733,4.212603463974375
5734,4.215922257488595
5735,4.21782920987989
5736,4.218420577935207
5737,4.217767170096242
5738,4.215909430106685
5739,4.212854926026456
5740,4.208578321286893
5741,4.2030238220084915
5742,4.196110013023112
5743,4.187736901327373
5744,4.1777948717370466
5745,4.166175125032992
5746,4.152781023931405
5747,4.137539637266086
5748,4.120412675832941
5749,4.101405983905944
5750,4.080576811224423
5751,4.058038249145383
5752,4.033960459418362
5753,4.00856862261472
5754,3.9821378400359206
5755,3.9549854897164733
5756,3.927461724752336
5757,3.8999388893231184
5758,3.8728006140004885
5759,3.8464312549454855
5760,3.821206190151583
5761,3.7974833117316193
5762,3.775595884090394
5763,3.755846793441504
5764,3.7385041050829657
5765,3.723797773826628
5766,3.7119173169239414
5767,3.703010251673762
5768,3.6971811144787656
5769,3.6944909078248
5770,3.694956860975139
5771,3.69855243506961
5772,3.7052075508577764
5773,3.7148090654070884
5774,3.727201570870307
5775,3.7421886316063673
5776,3.75953461252493
5777,3.7789672772714926
5778,3.8001813441921497
5779,3.822843174438583
5780,3.8465967234273473
5781,3.8710708090457047
5782,3.8958876359088386
5783,3.9206723691559495
5784,3.9450633861881887
5785,3.968722671571013
5786,3.9913456870070507
5787,4.012669975148594
5788,4.032481768581552
5789,4.050619986743676
5790,4.06697720866725
5791,4.081497483460552
5792,4.094171143085888
5793,4.105027066773875
5794,4.1141230716990655
5795,4.12153524307534
5796,4.127347060312762
5797,4.131639133952389
5798,4.134480262502195
5799,4.135920375099279
5800,4.135985768198123
5801,4.134676887711768
5802,4.131968758625654
5803,4.127814021043291
5804,4.1221483900231455
5805,4.114898212248657
5806,4.105989646246035
5807,4.095358852985274
5808,4.082962466865062
5809,4.068787545536552
5810,4.052860193260027
5811,4.035252132256643
5812,4.016084662161764
5813,3.995529684473565
5814,3.973807746026472
5815,3.951183332243939
5816,3.927957875911985
5817,3.904461108281551
5818,3.8810414501954766
5819,3.8580561232879624
5820,3.8358615717713818
5821,3.814804649488023
5822,3.795214872349552
5823,3.7773978869324596
5824,3.761630178789992
5825,3.7481549481101317
5826,3.7371790180226023
5827,3.7288706096110396
5828,3.7233578123015274
5829,3.720727592633126
5830,3.7210252126433176
5831,3.724253966316447
5832,3.7303751849484152
5833,3.7393085069720478
5834,3.750932452403826
5835,3.7650853842856966
5836,3.7815669765735076
5837,3.800140336306847
5838,3.820534943038465
5839,3.842450564953819
5840,3.865562283122759
5841,3.8895266979215037
5842,3.913989302336612
5843,3.9385928875316507
5844,3.962986704981754
5845,3.986835962259494
5846,4.009831098516495
5847,4.03169619696669
5848,4.052195869991819
5849,4.071140014760081
5850,4.088385986625012
5851,4.103837960329269
5852,4.1174435158614395
5853,4.129187757706162
5854,4.1390855133435664
5855,4.14717232752375
5856,4.1534950557017964
5857,4.158102861708224
5858,4.161039352976407
5859,4.162336460636419
5860,4.1620105118256845
5861,4.160060764466124
5862,4.1564704916674655
5863,4.151210520143281
5864,4.144244948636839
5865,4.1355386037236475
5866,4.1250656408592485
5867,4.1128185825658194
5868,4.098817020861265
5869,4.08311521431064
5870,4.065807891849542
5871,4.047033734647116
5872,4.026976228252385
5873,4.005861831581422
5874,3.983955660719457
5875,3.961555098087688
5876,3.938981883644115
5877,3.916573310710071
5878,3.8946731363935965
5879,3.8736227399317387
5880,3.8537529438534524
5881,3.8353767767561093
5882,3.818783323815651
5883,3.804232697110162
5884,3.7919520709666585
5885,3.7821326703786706
5886,3.7749275713452874
5887,3.7704501664254337
5888,3.7687731616338342
5889,3.7699279968053894
5890,3.7739046162221603
5891,3.7806515558836593
5892,3.7900763552844596
5893,3.8020463421916553
5894,3.8163898759324106
5895,3.8328981648529385
5896,3.85132779301386
5897,3.871404095205071
5898,3.8928255030565393
5899,3.9152689438181287
5900,3.9383963044361896
5901,3.9618618772498113
5902,3.9853205853239224
5903,4.008436656540668
5904,4.030892293625439
5905,4.0523957941409
5906,4.072688532652511
5907,4.091550244693941
5908,4.1088021568625654
5909,4.124307683607468
5910,4.13797063891215
5911,4.149731158901839
5912,4.159559763609541
5913,4.167450170108105
5914,4.173411582095877
5915,4.177461213152521
5916,4.17961775536508
5917,4.1798963943784795
5918,4.178305813290411
5919,4.174847438842703
5920,4.1695169797572555
5921,4.162308102369575
5922,4.153217895490949
5923,4.142253608019015
5924,4.129440014047101
5925,4.114826686593373
5926,4.098494455789249
5927,4.0805603973948665
5928,4.0611808396261715
5929,4.040552075302154
5930,4.018908696247238
5931,3.9965196955494764
5932,3.973682678882672
5933,3.950716664079437
5934,3.927954015708134
5935,3.905732059102228
5936,3.8843848578783136
5937,3.8642355393564687
5938,3.845589434371648
5939,3.8287281806002955
5940,3.8139048357037937
5941,3.8013399666833614
5942,3.7912186278808413
5943,3.7836881112115472
5944,3.7788563450806647
5945,3.7767908286030463
5946,3.7775180105483845
5947,3.7810230537028797
5948,3.7872499613662765
5949,3.796102080362021
5950,3.807443031194612
5951,3.821098147810168
5952,3.8368565332798164
5953,3.85447384971274
5954,3.8736759564093295
5955,3.8941634854887135
5956,3.915617395639446
5957,3.9377054712480724
5958,3.960089638488526
5959,3.9824338595303694
5960,4.004412253690484
5961,4.025716997761034
5962,4.046065496800451
5963,4.065206309836422
5964,4.082923374322867
5965,4.0990382005456105
5966,4.113409891404007
5967,4.125933061225887
5968,4.136533948731047
5969,4.145165211684258
5970,4.15180002684848
5971,4.156426181226533
5972,4.159040823836178
5973,4.159646457076139
5974,4.158248596867319
5975,4.154855339643472
5976,4.149478862138739
5977,4.142138667220553
5978,4.132866195692712
5979,4.121710269115525
5980,4.108742729343768
5981,4.094063609713102
5982,4.077805216722872
5983,4.060134616201173
5984,4.041254190056009
5985,4.0214001350680855
5986,4.000838984451367
5987,3.979862416870807
5988,3.958780753011851
5989,3.937915613546496
5990,3.9175922230768423
5991,3.89813180126866
5992,3.879844400729483
5993,3.8630224495696774
5994,3.8479351521738177
5995,3.834823807788345
5996,3.8238980315847524
5997,3.8153328105756588
5998,3.8092662971834503
5999,3.8057982338617133
6000,3.8049889092340803
6001,3.806858565552098
6002,3.8113872049563584
6003,3.818514774411117
6004,3.828141743078249
6005,3.8401301181696645
6006,3.8543049728640066
6007,3.8704565792339363
6008,3.888343246643229
6009,3.9076949578785065
6010,3.928217868015704
6011,3.9495996824710655
6012,3.971515861056223
6013,3.9936365077484726
6014,4.015633709331071
6015,4.037188992487707
6016,4.0580004942959
6017,4.07778940229397
6018,4.096305231898771
6019,4.113329578939287
6020,4.128678111813911
6021,4.142200738608565
6022,4.153780077118262
6023,4.163328542020408
6024,4.170784515140891
6025,4.176108158817146
6026,4.1792774551414
6027,4.1802850028122345
6028,4.179135986334908
6029,4.175847565539732
6030,4.170449738267607
6031,4.162987529561146
6032,4.153524180743227
6033,4.14214487311753
6034,4.128960440858716
6035,4.114110516256173
6036,4.097765609044999
6037,4.080127741300274
6038,4.061429422112669
6039,4.041930927404286
6040,4.021916023149356
6041,4.00168641147227
6042,3.981555272462584
6043,3.9618403136906535
6044,3.942856727487594
6045,3.9249104037267215
6046,3.9082916677848174
6047,3.8932697249334405
6048,3.880087906803646
6049,3.868959742369265
6050,3.8600658205307705
6051,3.8535513757102873
6052,3.8495245109533878
6053,3.8480549723121804
6054,3.8491734003088607
6055,3.8528710054745514
6056,3.859099641819405
6057,3.8677722814119995
6058,3.878763921913503
6059,3.891912983891887
6060,3.90702327281911
6061,3.923866588545824
6062,3.9421860594286144
6063,3.9617002563290504
6064,3.982108101628239
6065,4.003094530463751
6066,4.024336788683654
6067,4.04551117123753
6068,4.066299926199344
6069,4.086397986528661
6070,4.1055191580551185
6071,4.123401400124885
6072,4.1398108917239504
6073,4.1545446796260554
6074,4.167431845866779
6075,4.1783332909648765
6076,4.187140382795182
6077,4.1937728441660385
6078,4.1981763244068455
6079,4.200320109253366
6080,4.200195366931636
6081,4.197814214894909
6082,4.193209738088456
6083,4.18643691860234
6084,4.17757427304771
6085,4.166725861581713
6086,4.154023250072423
6087,4.139626985741725
6088,4.123727188511874
6089,4.10654295706364
6090,4.088320423515652
6091,4.069329441477995
6092,4.049859035634095
6093,4.030211856933419
6094,4.010697962598692
6095,3.9916282696275016
6096,3.9733080174532183
6097,3.9560305292259907
6098,3.940071494199044
6099,3.9256839188212784
6100,3.913093822254606
6101,3.9024966910834578
6102,3.8940546623789074
6103,3.8878943755381523
6104,3.884105420567928
6105,3.882739311531121
6106,3.883808925685254
6107,3.8872883682709283
6108,3.8931132467323364
6109,3.901181363412886
6110,3.9113538594644623
6111,3.923456861991405
6112,3.937283698312454
6113,3.9525977428447785
6114,3.9691359508289032
6115,3.9866131071312285
6116,4.004726777126153
6117,4.023162891827254
6118,4.041601835228996
6119,4.059724835545441
6120,4.077220403490353
6121,4.093790521266262
6122,4.109156276166821
6123,4.1230626602698734
6124,4.13528232454218
6125,4.145618176538675
6126,4.153904833008802
6127,4.160009063686322
6128,4.163829469401126
6129,4.165295707280815
6130,4.164367594827428
6131,4.161034388435566
6132,4.155314445632893
6133,4.147255358182924
6134,4.136934505842148
6135,4.124459851474928
6136,4.109970699433142
6137,4.093638087307275
6138,4.075664484607339
6139,4.0562825290302404
6140,4.035752630623332
6141,4.014359398300495
6142,3.992406970535991
6143,3.970213442663187
6144,3.948104661988034
6145,3.926407701209205
6146,3.905444320355192
6147,3.8855246940100896
6148,3.866941624312301
6149,3.8499653927928006
6150,3.834839336229172
6151,3.821776171653249
6152,3.8109550486391317
6153,3.8025192753897525
6154,3.7965746488490115
6155,3.7931883165186777
6156,3.7923881062479174
6157,3.7941622771231307
6158,3.798459666677778
6159,3.8051902341389225
6160,3.814226023476985
6161,3.8254025909421108
6162,3.838520956749552
6163,3.853350146967983
6164,3.8696303869059974
6165,3.887076989488716
6166,3.9053849503183002
6167,3.924234216153397
6168,3.9432955383797266
6169,3.962236763301254
6170,3.980729354669376
6171,3.9984549003355587
6172,4.015111333669763
6173,4.030418608762616
6174,4.044123609295969
6175,4.056004141269157
6176,4.065871949968521
6177,4.073574797002672
6178,4.078997716763617
6179,4.082063627576113
6180,4.082733490377824
6181,4.081006184209856
6182,4.0769182089785305
6183,4.0705432453587225
6184,4.061991517399115
6185,4.051408833971674
6186,4.038975145714671
6187,4.024902452813583
6188,4.009431935801031
6189,3.992830248605505
6190,3.9753849967785904
6191,3.9573995083135505
6192,3.939187075169795
6193,3.92106489007634
6194,3.9033479206475334
6195,3.8863429522149633
6196,3.870342997522139
6197,3.855622223572225
6198,3.8424314921844487
6199,3.8309945589033485
6200,3.8215049306355517
6201,3.8141233492263353
6202,3.808975847530501
6203,3.8061523160256487
6204,3.8057055202325363
6205,3.807650520005249
6206,3.811964458785158
6207,3.8185867117072316
6208,3.8274194036389213
6209,3.838328329420471
6210,3.8511443264330008
6211,3.865665161745271
6212,3.881658000206686
6213,3.898862513861499
6214,3.9169946754839136
6215,3.9357512493353903
6216,3.9548149514311177
6217,3.973860202503431
6218,3.992559344402457
6219,4.010589141529887
6220,4.027637350705484
6221,4.043409122791375
6222,4.057633002552448
6223,4.070066320968987
6224,4.080499823234178
6225,4.088761438020493
6226,4.094719158142862
6227,4.0982830575562215
6228,4.099406504981906
6229,4.0980866453961715
6230,4.09436420835161
6231,4.088322673752608
6232,4.080086792376297
6233,4.069820432205664
6234,4.057723712337977
6235,4.044029398891953
6236,4.028998571077486
6237,4.012915614163496
6238,3.996082649721312
6239,3.978813561645133
6240,3.9614278101328475
6241,3.944244239674963
6242,3.927575079947289
6243,3.911720313018472
6244,3.896962541777991
6245,3.883562449529972
6246,3.8717548956166623
6247,3.8617456519590014
6248,3.853708754016214
6249,3.847784418677218
6250,3.8440774712396486
6251,3.8426562230959016
6252,3.8435517494434093
6253,3.846757530385484
6254,3.852229437104258
6255,3.859886065340641
6256,3.869609439128045
6257,3.8812461265907294
6258,3.894608824540966
6259,3.9094784775696105
6260,3.9256069983238095
6261,3.9427206470662455
6262,3.9605241092976473
6263,3.978705280116103
6264,3.9969407242598227
6265,4.014901734260978
6266,4.032260860171452
6267,4.048698738533412
6268,4.063911011658509
6269,4.077615106241972
6270,4.089556636322576
6271,4.099515210262662
6272,4.10730945213752
6273,4.1128010893618905
6274,4.115898003689305
6275,4.11655618540088
6276,4.114780566041475
6277,4.110624732116804
6278,4.1041895425165835
6279,4.095620690052148
6280,4.08510526676439
6281,4.072867416613694
6282,4.059163188205682
6283,4.044274731864105
6284,4.028504014951755
6285,4.012166251433598
6286,3.995583251624681
6287,3.9790768932894984
6288,3.962962895776917
6289,3.9475450471888305
6290,3.933109994914766
6291,3.9199226672132808
6292,3.9082223526547586
6293,3.898219429036024
6294,3.890092706405419
6295,3.883987331343188
6296,3.8800131916899696
6297,3.8782437617196246
6298,3.878715335952649
6299,3.8814266137759112
6300,3.886338615023228
6301,3.8933749269420246
6302,3.902422303776248
6303,3.913331659794015
6304,3.9259195131687483
6305,3.9399699498319847
6306,3.9552371813566056
6307,3.971448767327546
6308,3.9883095590358866
6309,4.005506396857852
6310,4.022713558454627
6311,4.03959891034817
6312,4.0558306643217
6313,4.0710845867172285
6314,4.0850514583393505
6315,4.097444541017343
6316,4.108006779110578
6317,4.116517454180894
6318,4.1227980204180685
6319,4.126716876587278
6320,4.128192874551462
6321,4.1271974206743565
6322,4.123755089912556
6323,4.11794273864005
6324,4.109887167301628
6325,4.099761444621061
6326,4.087780058491275
6327,4.07419310226768
6328,4.05927973654585
6329,4.043341183610366
6330,4.026693513385426
6331,4.009660465971809
6332,3.9925665282873313
6333,3.9757304439557384
6334,3.959459290455156
6335,3.944043210136434
6336,3.9297508363259377
6337,3.9168254158844578
6338,3.9054815977776096
6339,3.8959028347617037
6340,3.8882393324742806
6341,3.882606476508046
6342,3.8790836723373436
6343,3.8777135438714314
6344,3.8785014524100507
6345,3.8814153173813226
6346,3.8863857419776564
6347,3.8933064692413404
6348,3.9020352157872575
6349,3.9123949495910386
6350,3.9241756933137237
6351,3.9371369435034658
6352,3.9510107965701686
6353,3.965505862582577
6354,3.9803120258774185
6355,3.9951060761041433
6356,4.009558184684923
6357,4.023339141413435
6358,4.036128197621088
6359,4.047621291633991
6360,4.057539366455242
6361,4.065636437096777
6362,4.071707033947801
6363,4.075592645714627
6364,4.077186814606081
6365,4.076438597514315
6366,4.073354195583615
6367,4.067996662529944
6368,4.0604837183500155
6369,4.050983807547563
6370,4.0397106383497094
6371,4.026916512648019
6372,4.012884800158435
6373,3.997921923120913
6374,3.982349202047936
6375,3.966494873807683
6376,3.9506865377185667
6377,3.9352442209554668
6378,3.920474188587864
6379,3.9066635619136876
6380,3.8940757557152863
6381,3.8829467031949765
6382,3.8734818076523823
6383,3.865853542190893
6384,3.8601996118014807
6385,3.8566215944793454
6386,3.855183987834624
6387,3.8559136032194745
6388,3.858799269132625
6389,3.863791828150002
6390,3.870804435591825
6391,3.8797131923156796
6392,3.890358167110075
6393,3.9025448846247675
6394,3.9160463708053106
6395,3.9306058572271203
6396,3.945940246086751
6397,3.961744426290121
6398,3.9776965056646905
6399,3.9934639830723357
6400,4.008710826701033
6401,4.0231053526746985
6402,4.036328715579373
6403,4.04808373671967
6404,4.058103716721688
6405,4.0661608180306255
6406,4.07207357144818
6407,4.075713068431469
6408,4.077007452195118
6409,4.075944414231561
6410,4.072571530323435
6411,4.066994417217539
6412,4.0593728400376135
6413,4.0499150331824225
6414,4.038870598843255
6415,4.026522407973278
6416,4.013177945809112
6417,3.9991605215666883
6418,3.9848007081066683
6419,3.9704283032431276
6420,3.9563650212839203
6421,3.942918041367893
6422,3.9303744656825854
6423,3.918996680488405
6424,3.9090185681177783
6425,3.9006424888920486
6426,3.8940369368142806
6427,3.8893347699149574
6428,3.886631922818855
6429,3.885986523242865
6430,3.887418353640896
6431,3.890908622459002
6432,3.8964000349830186
6433,3.9037971803952867
6434,3.9129672781376255
6435,3.923741351716597
6436,3.9359159199441964
6437,3.9492553122135825
6438,3.9634947230485142
6439,3.978344118789202
6440,3.993493092508677
6441,4.008616729106191
6442,4.023382488895053
6443,4.037458044834747
6444,4.050519918616195
6445,4.062262660672547
6446,4.072408219294793
6447,4.080715058194665
6448,4.086986525320987
6449,4.09107796252253
6450,4.092902085091432
6451,4.092432254095928
6452,4.089703405185955
6453,4.084810568962135
6454,4.0779050976719065
6455,4.069188876981856
6456,4.058906929102358
6457,4.0473388910600425
6458,4.034789874988345
6459,4.021581190397742
6460,4.008041342565776
6461,3.9944976310458027
6462,3.9812685726487693
6463,3.9686572767923813
6464,3.9569458169120995
6465,3.9463905749505925
6466,3.9372184885672987
6467,3.929624101944805
6468,3.9237673085790323
6469,3.91977167525644
6470,3.917723247421598
6471,3.9176697545856998
6472,3.91962015799719
6473,3.9235445097147794
6474,3.9293741210363464
6475,3.9370020677485686
6476,3.946284088570132
6477,3.957039959986961
6478,3.969055453373715
6479,3.9820849962683327
6480,3.9958551655502195
6481,4.010069132257605
6482,4.024412151836178
6483,4.038558146398328
6484,4.052177355304109
6485,4.064944938256466
6486,4.076550306365403
6487,4.08670684144762
6488,4.095161556931184
6489,4.1017041730397015
6490,4.106175042355608
6491,4.108471383425627
6492,4.108551365638744
6493,4.106435733157392
6494,4.10220684277694
6495,4.096005195061072
6496,4.088023731047014
6497,4.078500321878
6498,4.067708977437261
6499,4.055950335071513
6500,4.043541964630956
6501,4.030808953937288
6502,4.018075136806091
6503,4.005655211966251
6504,3.9938478910966158
6505,3.9829301187996227
6506,3.9731523328362854
6507,3.9647346813012145
6508,3.957864083433834
6509,3.9526920094227798
6510,3.9493328580711964
6511,3.947862825795744
6512,3.948319182839193
6513,3.9506999001564926
6514,3.9549636011635356
6515,3.9610298448505312
6516,3.9687797792724533
6517,3.9780572356655886
6518,3.988670361531537
6519,4.000393913486649
6520,4.012972344206352
6521,4.0261238183672035
6522,4.039545275590608
6523,4.052918619703589
6524,4.065918050038065
6525,4.078218461487346
6526,4.089504729192546
6527,4.099481569903959
6528,4.107883549703365
6529,4.114484705869109
6530,4.119107189879828
6531,4.121628336943989
6532,4.121985635504433
6533,4.120179206833983
6534,4.116271595830128
6535,4.1103848938088925
6536,4.102695430559808
6537,4.093426454983731
6538,4.08283934759398
6539,4.071223962368424
6540,4.058888681317631
6541,4.046150695051482
6542,4.033326915479901
6543,4.020725803186622
6544,4.008640270150799
6545,3.9973417117401597
6546,3.987075137983338
6547,3.9780553157633385
6548,3.970463799656253
6549,3.964446716343414
6550,3.9601131715124764
6551,3.9575341646406303
6552,3.9567419222208247
6553,3.9577295908647
6554,3.960451265969226
6555,3.9648223675042225
6556,3.97072041033328
6557,3.977986250586819
6558,3.986425919663894
6559,3.9958131804233212
6560,4.005892952023812
6561,4.016385745911311
6562,4.026993230424892
6563,4.037404990786795
6564,4.047306472078894
6565,4.056387986061729
6566,4.064354534461369
6567,4.070936064162547
6568,4.0758976422539295
6569,4.079048943873141
6570,4.080252406037403
6571,4.079429433394033
6572,4.076564153296926
6573,4.071704399475129
6574,4.064959832813988
6575,4.05649735095507
6576,4.046534158867786
6577,4.0353290387665135
6578,4.02317245010276
6579,4.01037610422578
6580,3.9972626030396365
6581,3.984155625734033
6582,3.971371015693285
6583,3.959208983091887
6584,3.9479475147946324
6585,3.937836982933013
6586,3.929095871707957
6587,3.921907498433894
6588,3.916417586332166
6589,3.9127325482860114
6590,3.910918357632738
6591,3.910999909483051
6592,3.912960810277882
6593,3.9167435713364176
6594,3.9222502216562627
6595,3.929343394003853
6596,3.9378479740442742
6597,3.9475534319566807
6598,3.958216975932734
6599,3.969567672498464
6600,3.9813116645031035
6601,3.993138578710153
6602,4.004729147384486
6603,4.015763971193782
6604,4.025933228037089
6605,4.034946994207329
6606,4.042545707421203
6607,4.048510187888047
6608,4.052670567851012
6609,4.054913482666448
6610,4.055186958963046
6611,4.05350259520116
6612,4.0499348488988565
6613,4.044617491816347
6614,4.03773753200955
6615,4.029527094558821
6616,4.020253875685133
6617,4.010210827423375
6618,3.999705696872675
6619,3.9890509520579163
6620,3.978554498764701
6621,3.968511453053929
6622,3.959197102356224
6623,3.950861077642616
6624,3.9437226771149176
6625,3.9379672294868926
6626,3.93374335972796
6627,3.9311610174765916
6628,3.9302901429381167
6629,3.931159871941358
6630,3.9337582166967606
6631,3.938032198194118
6632,3.9438884472528377
6633,3.9511943313316205
6634,3.9597797005035593
6635,3.9694393750828207
6636,3.9799365150467403
6637,3.9910070125902912
6638,4.002365028457896
6639,4.0137097451381445
6640,4.024733332483037
6641,4.035130014338372
6642,4.044605994319562
6643,4.052889857573169
6644,4.059742932452126
6645,4.064968995230774
6646,4.068422656292872
6647,4.0700157961304875
6648,4.069721531096857
6649,4.067575374012746
6650,4.063673489828411
6651,4.058168196822901
6652,4.051261090986964
6653,4.043194342348942
6654,4.034240806535399
6655,4.024693608085026
6656,4.014855793894567
6657,4.005030545864962
6658,3.995512305711595
6659,3.986579025086134
6660,3.978485628546744
6661,3.971458676727357
6662,3.9656921469924704
6663,3.9613442085759525
6664,3.958534855071086
6665,3.9573442640364176
6666,3.957811775972159
6667,3.9599354180604096
6668,3.963671937606904
6669,3.968937352498311
6670,3.975608067921882
6671,3.9835226467455724
6672,3.9924843514841037
6673,4.0022645941281825
6674,4.012607431001474
6675,4.023235217674275
6676,4.033855488870633
6677,4.044169047444861
6678,4.053879135975349
6679,4.0627014311760234
6680,4.070374458854987
6681,4.076669895808904
6682,4.081402129226823
6683,4.084436407880166
6684,4.085694960165459
6685,4.085160577284266
6686,4.082877355050469
6687,4.078948529217637
6688,4.073531590576682
6689,4.066831088831862
6690,4.059089696470482
6691,4.050578186919118
6692,4.04158498279629
6693,4.032405862021079
6694,4.023334293465774
6695,4.014652734634198
6696,4.006625084350826
6697,3.9994903608584687
6698,3.9934575803642884
6699,3.9887017467803583
6700,3.9853608291653346
6701,3.9835335951025277
6702,3.9832781805433015
6703,3.9846113038584727
6704,3.987508068833789
6705,3.991902343550825
6706,3.9976877454616195
6707,4.004719303502443
6708,4.012815901587983
6709,4.021763629457343
6710,4.0313201712434665
6711,4.0412203436547625
6712,4.05118284932515
6713,4.060918233718424
6714,4.070137926842003
6715,4.078564120364655
6716,4.085940089796389
6717,4.092040439946367
6718,4.0966806540517355
6719,4.099725286756569
6720,4.101094176540491
6721,4.100766170417813
6722,4.098780043413396
6723,4.09523253274051
6724,4.090273656277921
6725,4.084099708538132
6726,4.076944492542285
6727,4.069069433515069
6728,4.060753226692595
6729,4.05228160793842
6730,4.043937723250892
6731,4.0359934363103855
6732,4.028701774897715
6733,4.022290594850912
6734,4.016957444908693
6735,4.012865551530997
6736,4.010140808812402
6737,4.008869650966774
6738,4.00909769810151
6739,4.01082909431595
6740,4.014026495058976
6741,4.018611703150317
6742,4.024466995224796
6743,4.031437217923195
6744,4.039332760953631
6745,4.047933526766444
6746,4.05699400834734
6747,4.066249552252591
6748,4.075423819759801
6749,4.084237364347514
6750,4.092417123056671
6751,4.099706483393445
6752,4.105875453710102
6753,4.110730356008318
6754,4.114122399904872
6755,4.1159545052830655
6756,4.1161858293393285
6757,4.1148336174984745
6758,4.111972217669601
6759,4.107729341795728
6760,4.102279890214713
6761,4.09583783862644
6762,4.088646800684973
6763,4.080969912687199
6764,4.07307964682584
6765,4.0652480637972435
6766,4.057737887683567
6767,4.050794649522414
6768,4.044640020105978
6769,4.039466350236376
6770,4.035432364159576
6771,4.032659910020307
6772,4.0312316569006255
6773,4.031189636254141
6774,4.032534550408826
6775,4.035225806411637
6776,4.039182274203945
6777,4.044283808627903
6778,4.050373609726245
6779,4.057261519722923
6780,4.064728362193473
6781,4.0725314136198385
6782,4.080411054967749
6783,4.088098578517483
6784,4.0953250240485435
6785,4.101830795186442
6786,4.107375674166223
6787,4.11174873045935
6788,4.114777528459874
6789,4.116336004234676
6790,4.116350417801779
6791,4.114802900911799
6792,4.111732301662234
6793,4.107232253025541
6794,4.101446629100505
6795,4.094562764727275
6796,4.086802970809151
6797,4.078414961206873
6798,4.069661814192245
6799,4.060812032619803
6800,4.052130161813956
6801,4.043868295965916
6802,4.036258674262779
6803,4.029507453811178
6804,4.023789657946131
6805,4.019245239972059
6806,4.015976173073536
6807,4.014044473291427
6808,4.013471078524793
6809,4.014235536422002
6810,4.016276491543795
6811,4.019493001331634
6812,4.023746745137
6813,4.028865214821882
6814,4.034645982988493
6815,4.040862129861566
6816,4.047268867287655
6817,4.05361132572598
6818,4.059633368811149
6819,4.065087177003174
6820,4.069743210261368
6821,4.073400038924407
6822,4.075893444947264
6823,4.077104164658749
6824,4.07696368530372
6825,4.075457625444837
6826,4.072626413745565
6827,4.068563207614619
6828,4.063409228956377
6829,4.057346903176056
6830,4.050591340069093
6831,4.04338077412936
6832,4.03596658485061
6833,4.028603455899697
6834,4.021540125609038
6835,4.01501105334707
6836,4.009229198435561
6837,4.004379996741003
6838,4.000616534752657
6839,3.9980558656624514
6840,3.9967763856619754
6841,3.996816187215872
6842,3.998172323579202
6843,4.0008009487671945
6844,4.004618332882452
6845,4.009502787573608
6846,4.015297563896037
6847,4.021814798537603
6848,4.028840578120915
6849,4.03614115992092
6850,4.043470327619983
6851,4.0505777728701515
6852,4.057218282490796
6853,4.06316138809052
6854,4.068201016577072
6855,4.072164587422156
6856,4.074920957262434
6857,4.076386631732539
6858,4.076529756109161
6859,4.075371555088824
6860,4.072985098766929
6861,4.069491497105085
6862,4.065053835126061
6863,4.059869325540297
6864,4.054160254257036
6865,4.0481643206525355
6866,4.042124935227918
6867,4.036281949007788
6868,4.030863173112846
6869,4.026076924624822
6870,4.022105723424336
6871,4.019101175618027
6872,4.017180017934891
6873,4.016421264485162
6874,4.016864389307095
6875,4.018508489773491
6876,4.021312400656645
6877,4.025195759528999
6878,4.030041054167868
6879,4.03569670478425
6880,4.041981241473518
6881,4.048688624199691
6882,4.055594714133737
6883,4.062464839040921
6884,4.069062303284622
6885,4.075157581687735
6886,4.080537818567705
6887,4.085016146567931
6888,4.088440265227589
6889,4.090699696371678
6890,4.091731176264904
6891,4.091521756486464
6892,4.090109357007307
6893,4.0875807239232635
6894,4.084066960399838
6895,4.0797369906977305
6896,4.074789457328934
6897,4.069443625097464
6898,4.0639298709130856
6899,4.058480284651937
6900,4.053319811846273
6901,4.0486582545163055
6902,4.04468333149774
6903,4.041554899132252
6904,4.039400356392172
6905,4.038311208968372
6906,4.03834074361607
6907,4.039502762971079
6908,4.041771346109264
6909,4.045081624319098
6910,4.04933158757009
6911,4.054384957613268
6912,4.060075171505614
6913,4.066210508246921
6914,4.072580356282766
6915,4.0789625584323685
6916,4.085131684722948
6917,4.090867978922016
6918,4.09596661309608
6919,4.100246783063374
6920,4.103560105835618
6921,4.10579775691962
6922,4.106895824166081
6923,4.106838459450766
6924,4.105658571356565
6925,4.103436000871223
6926,4.1002933295587605
6927,4.096389655413999
6928,4.0919128102299585
6929,4.087070568448815
6930,4.082081408212337
6931,4.077165339193974
6932,4.072535225231717
6933,4.068388922521408
6934,4.064902444884585
6935,4.062224271048782
6936,4.060470834186667
6937,4.059723184930272
6938,4.060024794964184
6939,4.06138046510217
6940,4.0637563134261026
6941,4.067080838486579
6942,4.071247072186256
6943,4.076115849296591
6944,4.081520218630349
6945,4.087270998876649
6946,4.093163436194802
6947,4.098984850180736
6948,4.104523063388141
6949,4.109575305952991
6950,4.113957184898642
6951,4.11751122506298
6952,4.120114443953413
6953,4.121684431852659
6954,4.122183479452022
6955,4.121620425806277
6956,4.120050075419575
6957,4.117570231138317
6958,4.114316580776728
6959,4.110455833085053
6960,4.106177603093339
6961,4.101685589328469
6962,4.097188568716314
6963,4.092891671357701
6964,4.088988304329724
6965,4.085652989839261
6966,4.0830352844780835
6967,4.081254864465332
6968,4.080397802679717
6969,4.080514028251882
6970,4.081615945851197
6971,4.083678194360425
6972,4.086638536529285
6973,4.090399884947446
6974,4.094833477629885
6975,4.099783211651209
6976,4.105071119746588
6977,4.110503929007347
6978,4.115880572258201
6979,4.121000435289165
6980,4.125672025551106
6981,4.129721653778697
6982,4.133001646100491
6983,4.135397567983984
6984,4.136833956930803
6985,4.137278135073769
6986,4.136741802370005
6987,4.135280281807224
6988,4.13298947710614
6989,4.130000784047504
6990,4.126474343819957
6991,4.122591122925865
6992,4.118544341747894
6993,4.114530756192539
6994,4.110742235697566
6995,4.107357992957097
6996,4.104537723337911
6997,4.102415820027264
6998,4.10109675488088
6999,4.10065166013189
7000,4.101116113309174
7001,4.102489113998593
7002,4.104733241003606
7003,4.107775985115528
7004,4.111512258547527
7005,4.115808079775108
7006,4.120505415613581
7007,4.1254281262286705
7008,4.130388901560273
7009,4.135197001308241
7010,4.139666521680418
7011,4.143624821727309
7012,4.1469206651825425
7013,4.149431586756334
7014,4.151069989470644
7015,4.151787531060981
7016,4.151577463164081
7017,4.150474737311898
7018,4.14855386791648
7019,4.145924720223434
7020,4.142726546042696
7021,4.1391207022942
7022,4.135282546132478
7023,4.131393004888822
7024,4.127630277497587
7025,4.124162050611217
7026,4.121138523583544
7027,4.118686447015333
7028,4.116904301122399
7029,4.115858679657226
7030,4.11558190468219
7031,4.1160708754201405
7032,4.117287146071137
7033,4.119158226459719
7034,4.121580098427225
7035,4.124420932862156
7036,4.127525970989051
7037,4.130723494743164
7038,4.133831753360339
7039,4.136666639138383
7040,4.139049821492932
7041,4.140816966050346
7042,4.141825598858791
7043,4.1419621400302535
7044,4.141147639115635
7045,4.139341803423608
7046,4.136545019053844
7047,4.132798212051571
7048,4.128180565268493
7049,4.122805272402848
7050,4.116813651929872
7051,4.110368043124198
7052,4.103643955376069
7053,4.096821941146983
7054,4.090079620726809
7055,4.083584217068377
7056,4.077485876507828
7057,4.071911969840957
7058,4.066962498120306
7059,4.062706674416104
7060,4.059180717949637
7061,4.056386878173637
7062,4.054293698474689
7063,4.052837525567615
7064,4.051925263954654
7065,4.0514383580540585
7066,4.051237952042971
7067,4.051171125909854
7068,4.0510780359229965
7069,4.050799703445771
7070,4.050186107191749
7071,4.049104154251411
7072,4.04744505041139
7073,4.045130575675572
7074,4.042117807308604
7075,4.038401923268691
7076,4.034016856878999
7077,4.029033742901483
7078,4.0235572730875075
7079,4.017720241239335
7080,4.011676682710889
7081,4.005594087743863
7082,3.999645188516971
7083,3.993999792064269
7084,3.98881706784608
7085,3.9842386154370395
7086,3.9803825498364285
7087,3.977338761519443
7088,3.975165443240231
7089,3.973886928660485
7090,3.9734928578007422
7091,3.973938666580938
7092,3.9751473858633832
7093,3.9770127221686664
7094,3.9794033707473404
7095,3.9821684765986145
7096,3.985144107619762
7097,3.9881605372285707
7098,3.9910500567124885
7099,3.9936549597258653
7100,3.9958352757425444
7101,3.9974757902928504
7102,3.9984918904386237
7103,3.9988338223739497
7104,3.998489044930756
7105,3.9974824999105767
7106,3.99587478130758
7107,3.9937583493814555
7108,3.991252080318204
7109,3.988494550072321
7110,3.985636511532959
7111,3.9828330359125053
7112,3.980235758700702
7113,3.9779856096943695
7114,3.9762063296974985
7115,3.974998996891099
7116,3.9744377138463185
7117,3.974566547806682
7118,3.9753977739030155
7119,3.9769114414456608
7120,3.9790562626347334
7121,3.981751804752326
7122,3.984891944553542
7123,3.9883495114939063
7124,3.991982000887309
7125,3.9956381784830683
7126,3.999165327451837
7127,4.002416814756473
7128,4.005259587281753
7129,4.007581162048004
7130,4.009295662094059
7131,4.010348479706875
7132,4.010719224883503
7133,4.010422734647172
7134,4.009508065492688
7135,4.008055548389031
7136,4.006172132734804
7137,4.003985363968488
7138,4.0016364164632225
7139,3.999272634157915
7140,3.9970400192238245
7141,3.995076063304081
7142,3.9935032490893168
7143,3.992423475185082
7144,3.991913585144511
7145,3.9920221194011267
7146,3.9927673596762254
7147,3.994136698601234
7148,3.9960873391438536
7149,3.998548303619439
7150,4.001423704636006
7151,4.004597195061789
7152,4.007937467600822
7153,4.01130461637721
7154,4.014557106174267
7155,4.017559026678124
7156,4.020187249455251
7157,4.022338066535872
7158,4.023932882853298
7159,4.024922568644044
7160,4.025290154566161
7161,4.025051666786164
7162,4.024255039412667
7163,4.022977190121633
7164,4.021319482543838
7165,4.0194019091629025
7166,4.017356399733794
7167,4.015319688557906
7168,4.013426162469828
7169,4.011801068814654
7170,4.01055440057973
7171,4.009775705970282
7172,4.009530001756438
7173,4.009854910017717
7174,4.010759088973275
7175,4.012221989531852
7176,4.014194936510728
7177,4.016603502254786
7178,4.019351105481434
7179,4.022323725523909
7180,4.025395569812813
7181,4.02843547161473
7182,4.031313730433314
7183,4.03390904718945
7184,4.036115160805601
7185,4.037846773198741
7186,4.039044365111755
7187,4.039677560498599
7188,4.039746790830857
7189,4.03928313434673
7190,4.038346344732577
7191,4.037021221637686
7192,4.035412594716319
7193,4.033639280223974
7194,4.031827417340941
7195,4.03010359998124
7196,4.028588194523049
7197,4.027389184227273
7198,4.026596818080416
7199,4.026279275402401
7200,4.026479495226292
